horse_id,horse_name,日付,開催,天氣,R,レース名,頭数,枠番,馬番,オッズ,人氣,着順,騎手ID,騎手,斤量,距離,馬場,タイム,着差,通過,ペース,上り,馬體重,性齢,父系,母父系
2020103390,ラヴェル,2025/06/22,3東京6,晴,11,府中牝馬S(GIII),14,5,8,15.1,7,9,01092,津村明秀,56.5,芝1800,良,1:46.6,0.6,8-7-7,35.5-35.4,35.3,462(-4),未知,キタサンブラック2012 鹿毛[血統][産駒]Halo系,サンデーサイレンスSunday Silence(米)1986 青鹿毛[血統][産駒]
2020103390,ラヴェル,2025/05/18,2東京8,曇,11,ヴィクトリアマイル(GI),17,3,5,27.2,10,12,01092,津村明秀,56,芝1600,良,1:32.7,0.6,11-8,33.9-35.3,34.4,466(-12),未知,キタサンブラック2012 鹿毛[血統][産駒]Halo系,サンデーサイレンスSunday Silence(米)1986 青鹿毛[血統][産駒]
2020103390,ラヴェル,2025/04/06,2阪神4,晴,11,大阪杯(GI),15,2,3,112.8,13,11,01102,北村友一,56,芝2000,良,1:56.9,0.7,8-9-8-8,34.9-35.1,34.4,478(-2),未知,キタサンブラック2012 鹿毛[血統][産駒]Halo系,サンデーサイレンスSunday Silence(米)1986 青鹿毛[血統][産駒]
2020103390,ラヴェル,2025/03/16,2中京2,小雨,11,東海テレビ杯金鯱賞(GII),10,8,9,11.7,5,9,01102,北村友一,55,芝2000,重,2:03.6,2.3,7-7-6-5,35.7-38.6,38.3,480(+12),未知,キタサンブラック2012 鹿毛[血統][産駒]Halo系,サンデーサイレンスSunday Silence(米)1986 青鹿毛[血統][産駒]
2020103390,ラヴェル,2024/11/30,7京都1,晴,11,チャレンジC(GIII),15,5,9,6.5,3,1,01088,川田将雅,55,芝2000,良,1:58.2,-0.3,9-9-7-6,34.7-35.4,35.0,468(0),未知,キタサンブラック2012 鹿毛[血統][産駒]Halo系,サンデーサイレンスSunday Silence(米)1986 青鹿毛[血統][産駒]
2020103390,ラヴェル,2024/11/10,6京都4,曇,11,エリザベス女王杯(GI),17,8,16,41.2,12,2,01088,川田将雅,56,芝2200,良,2:11.5,0.4,8-8-8-9,35.2-34.4,34.1,468(-6),未知,キタサンブラック2012 鹿毛[血統][産駒]Halo系,サンデーサイレンスSunday Silence(米)1986 青鹿毛[血統][産駒]
2020103390,ラヴェル,2024/10/13,4東京3,晴,11,オクトーバーS(L),16,7,14,7.3,5,6,01140,横山和生,55,芝2000,良,1:57.9,0.5,11-11-9,34.8-35.3,34.0,474(+16),未知,キタサンブラック2012 鹿毛[血統][産駒]Halo系,サンデーサイレンスSunday Silence(米)1986 青鹿毛[血統][産駒]
2020103390,ラヴェル,2024/06/16,4京都6,晴,11,マーメイドS(GIII),16,3,5,19.9,11,5,01163,坂井瑠星,54,芝2000,良,1:57.8,0.6,6-6-9-7,34.8-36.1,34.5,458(0),未知,キタサンブラック2012 鹿毛[血統][産駒]Halo系,サンデーサイレンスSunday Silence(米)1986 青鹿毛[血統][産駒]
2020103390,ラヴェル,2024/03/09,2中山5,晴,11,中山牝馬S(GIII),16,8,16,9.8,7,11,01170,横山武史,54,芝1800,,1:49.6,0.6,8-8-9-6,37.4-36.2,36.2,458(0),未知,キタサンブラック2012 鹿毛[血統][産駒]Halo系,サンデーサイレンスSunday Silence(米)1986 青鹿毛[血統][産駒]
2020103390,ラヴェル,2024/02/11,2京都6,曇,11,京都記念(GII),12,5,6,20.4,6,5,05212,Ｍ．デム,54,芝2200,良,2:12.6,0.5,6-6-5-6,35.3-35.7,35.2,458(+2),未知,キタサンブラック2012 鹿毛[血統][産駒]Halo系,サンデーサイレンスSunday Silence(米)1986 青鹿毛[血統][産駒]
2020103390,ラヴェル,2023/10/15,2京都5,晴,11,秋華賞(GI),18,7,13,57.8,8,11,01163,坂井瑠星,55,芝2000,,2:02.2,1.1,3-3-3-3,36.4-34.0,35.0,456(-4),未知,キタサンブラック2012 鹿毛[血統][産駒]Halo系,サンデーサイレンスSunday Silence(米)1986 青鹿毛[血統][産駒]
2020103390,ラヴェル,2023/09/17,4阪神4,晴,11,関西TVローズS(GII),17,4,7,5.5,2,14,01163,坂井瑠星,54,芝1800,良,1:44.5,1.5,7-7,34.4-34.0,34.7,460(+16),未知,キタサンブラック2012 鹿毛[血統][産駒]Halo系,サンデーサイレンスSunday Silence(米)1986 青鹿毛[血統][産駒]
2020103390,ラヴェル,2023/05/21,2東京10,晴,11,優駿牝馬(GI),18,1,1,47.2,10,4,01163,坂井瑠星,55,芝2400,良,2:24.2,1.1,3-3-3-3,35.1-35.1,35.9,444(-2),未知,キタサンブラック2012 鹿毛[血統][産駒]Halo系,サンデーサイレンスSunday Silence(米)1986 青鹿毛[血統][産駒]
2020103390,ラヴェル,2023/04/09,2阪神6,晴,11,桜花賞(GI),18,8,17,40.2,10,11,01163,坂井瑠星,55,芝1600,良,1:33.0,0.9,13-15,34.0-34.5,33.9,446(-2),未知,キタサンブラック2012 鹿毛[血統][産駒]Halo系,サンデーサイレンスSunday Silence(米)1986 青鹿毛[血統][産駒]
2020103390,ラヴェル,2022/12/11,6阪神4,晴,11,阪神ジュベナイルF(GI),18,8,18,7.1,4,11,01163,坂井瑠星,54,芝1600,良,1:34.8,1.7,17-17,33.7-36.1,36.1,448(-4),未知,キタサンブラック2012 鹿毛[血統][産駒]Halo系,サンデーサイレンスSunday Silence(米)1986 青鹿毛[血統][産駒]
2020103390,ラヴェル,2022/10/29,4東京8,晴,11,アルテミスS(GIII),10,8,10,7.9,3,1,01163,坂井瑠星,54,芝1600,良,1:33.8,-0.1,9-9,35.8-33.8,33.0,452(+8),未知,キタサンブラック2012 鹿毛[血統][産駒]Halo系,サンデーサイレンスSunday Silence(米)1986 青鹿毛[血統][産駒]
2020103390,ラヴェル,2022/07/10,3小倉4,晴,5,2歳新馬,12,7,10,3.1,1,1,01174,岩田望来,54,芝1800,良,1:49.5,-0.1,9-8-6-6,36.9-35.0,34.4,444(0),未知,キタサンブラック2012 鹿毛[血統][産駒]Halo系,サンデーサイレンスSunday Silence(米)1986 青鹿毛[血統][産駒]
2020103656,リバティアイランド,2025/04/27,シャティン,,,QE2世C(GI),11,,11,4.2,3,中,01088,川田将雅,55.5,芝2000,良,,,,,55.5,,未知,ドゥラメンテ2012 鹿毛[血統][産駒]Mr. Prospector系,Kingmambo(米)1990 鹿毛[血統][産駒]
2020103656,リバティアイランド,2025/04/05,メイダン,,,ドバイターフ(GI),11,,11,7.6,2,8,01088,川田将雅,55,芝1800,良,,,,,,,未知,ドゥラメンテ2012 鹿毛[血統][産駒]Mr. Prospector系,Kingmambo(米)1990 鹿毛[血統][産駒]
2020103656,リバティアイランド,2024/12/08,シャティン,,,香港C(GI),11,,9,4.7,2,2,01088,川田将雅,55.5,芝2000,良,,,,,55.5,474,未知,ドゥラメンテ2012 鹿毛[血統][産駒]Mr. Prospector系,Kingmambo(米)1990 鹿毛[血統][産駒]
2020103656,リバティアイランド,2024/10/27,4東京8,曇,11,天皇賞(秋)(GI),15,7,12,2.3,1,13,01088,川田将雅,56,芝2000,良,1:58.1,0.8,7-3-3,35.9-33.7,34.1,492(0),未知,ドゥラメンテ2012 鹿毛[血統][産駒]Mr. Prospector系,Kingmambo(米)1990 鹿毛[血統][産駒]
2020103656,リバティアイランド,2024/03/30,メイダン,,,ドバイシーマC(GI),12,,12,2.8,1,3,01088,川田将雅,54.5,芝2410,良,,,,,54.5,,未知,ドゥラメンテ2012 鹿毛[血統][産駒]Mr. Prospector系,Kingmambo(米)1990 鹿毛[血統][産駒]
2020103656,リバティアイランド,2023/11/26,5東京8,曇,12,ジャパンC(GI),18,1,1,3.7,2,2,01088,川田将雅,54,芝2400,良,2:22.5,0.7,4-4-4-4,35.5-36.5,33.9,470(-6),未知,ドゥラメンテ2012 鹿毛[血統][産駒]Mr. Prospector系,Kingmambo(米)1990 鹿毛[血統][産駒]
2020103656,リバティアイランド,2023/10/15,2京都5,晴,11,秋華賞(GI),18,3,6,1.1,1,1,01088,川田将雅,55,芝2000,,2:01.1,-0.1,6-7-7-3,36.4-34.0,33.6,476(+10),未知,ドゥラメンテ2012 鹿毛[血統][産駒]Mr. Prospector系,Kingmambo(米)1990 鹿毛[血統][産駒]
2020103656,リバティアイランド,2023/05/21,2東京10,晴,11,優駿牝馬(GI),18,3,5,1.4,1,1,01088,川田将雅,55,芝2400,良,2:23.1,-1.0,6-6-6-6,35.1-35.1,34.0,466(0),未知,ドゥラメンテ2012 鹿毛[血統][産駒]Mr. Prospector系,Kingmambo(米)1990 鹿毛[血統][産駒]
2020103656,リバティアイランド,2023/04/09,2阪神6,晴,11,桜花賞(GI),18,2,3,1.6,1,1,01088,川田将雅,55,芝1600,良,1:32.1,-0.2,15-16,34.0-34.5,32.9,466(+4),未知,ドゥラメンテ2012 鹿毛[血統][産駒]Mr. Prospector系,Kingmambo(米)1990 鹿毛[血統][産駒]
2020103656,リバティアイランド,2022/12/11,6阪神4,晴,11,阪神ジュベナイルF(GI),18,5,9,2.6,1,1,01088,川田将雅,54,芝1600,良,1:33.1,-0.4,8-8,33.7-36.1,35.5,462(-6),未知,ドゥラメンテ2012 鹿毛[血統][産駒]Mr. Prospector系,Kingmambo(米)1990 鹿毛[血統][産駒]
2020103656,リバティアイランド,2022/10/29,4東京8,晴,11,アルテミスS(GIII),10,3,3,1.4,1,2,01088,川田将雅,54,芝1600,良,1:33.9,0.1,6-6,35.8-33.8,33.3,468(+4),未知,ドゥラメンテ2012 鹿毛[血統][産駒]Mr. Prospector系,Kingmambo(米)1990 鹿毛[血統][産駒]
2020103656,リバティアイランド,2022/07/30,2新潟1,晴,5,2歳新馬,12,2,2,2.1,1,1,01088,川田将雅,54,芝1600,良,1:35.8,-0.5,7-7,38.2-32.0,31.4,464(0),未知,ドゥラメンテ2012 鹿毛[血統][産駒]Mr. Prospector系,Kingmambo(米)1990 鹿毛[血統][産駒]
2020105655,アリスヴェリテ,2025/11/01,デルマー,,7,BCディスタフ(GI),13,,6,36.5,10,10,a0497,フレイ,56,ダ1800,良,,,,,36.5,,未知,キズナ2010 青鹿毛[血統][産駒]Halo系,サンデーサイレンスSunday Silence(米)1986 青鹿毛[血統][産駒]
2020105655,アリスヴェリテ,2025/08/03,1札幌4,晴,11,クイーンS(GIII),14,7,12,11.2,6,8,01032,池添謙一,55,芝1800,良,1:47.0,1.0,2-2-2-2,34.9-35.9,36.8,482(0),未知,キズナ2010 青鹿毛[血統][産駒]Halo系,サンデーサイレンスSunday Silence(米)1986 青鹿毛[血統][産駒]
2020105655,アリスヴェリテ,2025/05/18,2東京8,曇,11,ヴィクトリアマイル(GI),17,8,18,97.7,15,5,01032,池添謙一,56,芝1600,良,1:32.2,0.1,1-1,33.9-35.3,35.4,482(+10),未知,キズナ2010 青鹿毛[血統][産駒]Halo系,サンデーサイレンスSunday Silence(米)1986 青鹿毛[血統][産駒]
2020105655,アリスヴェリテ,2025/04/20,1福島4,曇,11,福島牝馬S(GIII),16,3,6,15.9,9,4,01122,三浦皇成,56,芝1800,良,1:46.7,0.5,5-5-4-4,35.2-35.2,35.1,472(+2),未知,キズナ2010 青鹿毛[血統][産駒]Halo系,サンデーサイレンスSunday Silence(米)1986 青鹿毛[血統][産駒]
2020105655,アリスヴェリテ,2025/01/25,1小倉1,晴,11,小倉牝馬S(GIII),18,8,17,9.7,4,16,01212,柴田裕一,53,芝2000,良,2:00.2,1.8,2-2-2-6,33.9-36.3,37.9,470(0),未知,キズナ2010 青鹿毛[血統][産駒]Halo系,サンデーサイレンスSunday Silence(米)1986 青鹿毛[血統][産駒]
2020105655,アリスヴェリテ,2024/11/03,デルマー,,,BCディスタフ(GI),7,,4,,5,4,a0497,フレイ,56,ダ1800,良,,,,,,,未知,キズナ2010 青鹿毛[血統][産駒]Halo系,サンデーサイレンスSunday Silence(米)1986 青鹿毛[血統][産駒]
2020105655,アリスヴェリテ,2024/09/01,3新潟8,晴,11,新潟記念(GIII),11,6,8,10.6,5,10,01212,柴田裕一,53,芝2000,良,1:59.4,1.4,1-1,35.4-35.0,36.4,482(+14),未知,キズナ2010 青鹿毛[血統][産駒]Halo系,サンデーサイレンスSunday Silence(米)1986 青鹿毛[血統][産駒]
2020105655,アリスヴェリテ,2024/06/16,4京都6,晴,11,マーメイドS(GIII),16,7,13,9.1,4,1,01187,永島まな,50,芝2000,良,1:57.2,-0.4,1-1-1-1,34.8-36.1,36.1,468(+2),未知,キズナ2010 青鹿毛[血統][産駒]Halo系,サンデーサイレンスSunday Silence(米)1986 青鹿毛[血統][産駒]
2020105655,アリスヴェリテ,2024/05/25,3京都11,晴,8,4歳以上2勝クラス,10,2,2,2.8,1,1,01212,柴田裕一,53,芝2000,良,1:57.8,0.0,1-1-1-1,34.5-37.2,37.2,466(+10),未知,キズナ2010 青鹿毛[血統][産駒]Halo系,サンデーサイレンスSunday Silence(米)1986 青鹿毛[血統][産駒]
2020105655,アリスヴェリテ,2024/03/24,2阪神2,雨,9,四国新聞杯(2勝クラス),10,4,4,2.4,1,2,01212,柴田裕一,56,芝2000,重,2:02.0,0.3,3-3-3-2,37.4-35.2,35.2,456(+2),未知,キズナ2010 青鹿毛[血統][産駒]Halo系,サンデーサイレンスSunday Silence(米)1986 青鹿毛[血統][産駒]
2020105655,アリスヴェリテ,2024/03/02,2小倉7,晴,8,4歳以上1勝クラス,13,5,6,1.9,1,1,01212,柴田裕一,53,芝2000,,2:01.7,-0.9,1-1-1-1,34.7-37.1,37.1,454(+2),未知,キズナ2010 青鹿毛[血統][産駒]Halo系,サンデーサイレンスSunday Silence(米)1986 青鹿毛[血統][産駒]
2020105655,アリスヴェリテ,2024/01/20,1小倉3,雨,7,4歳以上1勝クラス,15,4,6,1.4,1,2,01157,鮫島克駿,55,芝2000,,2:02.2,0.1,5-5-5-4,35.1-37.6,37.0,452(-6),未知,キズナ2010 青鹿毛[血統][産駒]Halo系,サンデーサイレンスSunday Silence(米)1986 青鹿毛[血統][産駒]
2020105655,アリスヴェリテ,2023/12/10,4中京4,晴,6,3歳以上1勝クラス,15,7,12,2.8,1,2,01200,西塚洸二,52,芝2000,良,1:58.8,0.0,2-3-2-2,34.8-35.6,35.6,458(-2),未知,キズナ2010 青鹿毛[血統][産駒]Halo系,サンデーサイレンスSunday Silence(米)1986 青鹿毛[血統][産駒]
2020105655,アリスヴェリテ,2023/11/19,3福島6,晴,8,3歳以上1勝クラス,16,3,5,3.4,2,2,01186,角田大和,53,芝2000,良,2:02.2,0.6,5-5-5-4,35.5-37.1,37.4,460(+10),未知,キズナ2010 青鹿毛[血統][産駒]Halo系,サンデーサイレンスSunday Silence(米)1986 青鹿毛[血統][産駒]
2020105655,アリスヴェリテ,2023/09/17,4阪神4,晴,11,関西TVローズS(GII),17,2,4,98.5,13,13,01116,藤岡康太,54,芝1800,良,1:44.5,1.5,13-13,34.4-34.0,34.2,450(+4),未知,キズナ2010 青鹿毛[血統][産駒]Halo系,サンデーサイレンスSunday Silence(米)1986 青鹿毛[血統][産駒]
2020105655,アリスヴェリテ,2023/09/02,3小倉7,曇,8,3歳以上1勝クラス,10,8,10,1.6,1,2,01174,岩田望来,53,芝2000,,2:01.1,0.1,4-4-4-4,35.5-36.5,35.7,446(+2),未知,キズナ2010 青鹿毛[血統][産駒]Halo系,サンデーサイレンスSunday Silence(米)1986 青鹿毛[血統][産駒]
2020105655,アリスヴェリテ,2023/08/12,3小倉1,晴,9,筑紫特別(1勝クラス),16,3,5,3.9,2,3,01174,岩田望来,53,芝1800,良,1:46.3,0.7,4-5-4-3,34.5-35.6,36.0,444(+6),未知,キズナ2010 青鹿毛[血統][産駒]Halo系,サンデーサイレンスSunday Silence(米)1986 青鹿毛[血統][産駒]
2020105655,アリスヴェリテ,2023/05/20,2東京9,曇,9,カーネーションC(1勝クラス),13,6,9,3.6,2,3,01126,松山弘平,54,芝1800,良,1:47.5,0.2,5-2-2,36.5-34.0,34.1,438(-2),未知,キズナ2010 青鹿毛[血統][産駒]Halo系,サンデーサイレンスSunday Silence(米)1986 青鹿毛[血統][産駒]
2020105655,アリスヴェリテ,2023/04/30,2東京4,小雨,11,スイートピーS(L),13,4,5,3.9,1,2,01075,田辺裕信,54,芝1800,良,1:47.7,0.1,2-2-2,35.9-33.9,33.9,440(+2),未知,キズナ2010 青鹿毛[血統][産駒]Halo系,サンデーサイレンスSunday Silence(米)1986 青鹿毛[血統][産駒]
2020105655,アリスヴェリテ,2023/03/25,2阪神1,曇,9,君子蘭賞(1勝クラス),10,2,2,5.2,3,3,01116,藤岡康太,54,芝1800,良,1:47.5,0.5,7-7,36.0-34.7,34.5,438(-4),未知,キズナ2010 青鹿毛[血統][産駒]Halo系,サンデーサイレンスSunday Silence(米)1986 青鹿毛[血統][産駒]
2020105655,アリスヴェリテ,2023/03/04,1阪神7,晴,11,チューリップ賞(GII),17,5,10,24.6,10,8,01163,坂井瑠星,54,芝1600,良,1:34.3,0.3,4-5,35.2-34.1,34.1,442(0),未知,キズナ2010 青鹿毛[血統][産駒]Halo系,サンデーサイレンスSunday Silence(米)1986 青鹿毛[血統][産駒]
2020105655,アリスヴェリテ,2023/01/14,1中山5,雨,9,菜の花賞(1勝クラス),13,5,6,2.9,1,4,01077,石橋脩,54,芝1600,良,1:36.4,0.4,3-4-4,36.2-35.4,35.5,442(-10),未知,キズナ2010 青鹿毛[血統][産駒]Halo系,サンデーサイレンスSunday Silence(米)1986 青鹿毛[血統][産駒]
2020105655,アリスヴェリテ,2022/12/10,6中京3,晴,9,つわぶき賞(1勝クラス),13,5,6,2.3,1,4,05620,イーガン,54,芝1400,良,1:20.9,0.1,6-6,34.9-34.3,33.9,452(-2),未知,キズナ2010 青鹿毛[血統][産駒]Halo系,サンデーサイレンスSunday Silence(米)1986 青鹿毛[血統][産駒]
2020105655,アリスヴェリテ,2022/10/29,4東京8,晴,11,アルテミスS(GIII),10,6,6,15.7,6,3,01075,田辺裕信,54,芝1600,良,1:33.9,0.1,1-1,35.8-33.8,33.9,454(+4),未知,キズナ2010 青鹿毛[血統][産駒]Halo系,サンデーサイレンスSunday Silence(米)1986 青鹿毛[血統][産駒]
2020105655,アリスヴェリテ,2022/09/24,5中京6,晴,9,野路菊S(OP),7,4,4,20.5,5,2,01088,川田将雅,54,芝2000,良,2:00.5,0.3,1-1-1-1,36.3-33.8,34.1,450(+2),未知,キズナ2010 青鹿毛[血統][産駒]Halo系,サンデーサイレンスSunday Silence(米)1986 青鹿毛[血統][産駒]
2020105655,アリスヴェリテ,2022/07/03,3小倉2,曇,5,2歳新馬,8,6,6,3.9,3,1,01088,川田将雅,54,芝1800,良,1:50.6,-0.2,5-5-4-4,37.6-35.5,35.2,448(0),未知,キズナ2010 青鹿毛[血統][産駒]Halo系,サンデーサイレンスSunday Silence(米)1986 青鹿毛[血統][産駒]
2020102966,デインバランス,2022/10/29,4東京8,晴,11,アルテミスS(GIII),10,5,5,7.3,2,4,05386,戸崎圭太,54,芝1600,良,1:34.0,0.2,4-4,35.8-33.8,33.6,472(-4),未知,エピファネイア2010 鹿毛[血統][産駒]Roberto系,Kris S.1977 黒鹿毛[血統][産駒]
2020102966,デインバランス,2022/08/27,3新潟5,曇,6,2歳新馬,18,1,2,6.6,3,1,05386,戸崎圭太,54,芝1600,良,1:37.5,-0.1,5-6,37.8-34.0,33.4,476(0),未知,エピファネイア2010 鹿毛[血統][産駒]Roberto系,Kris S.1977 黒鹿毛[血統][産駒]
2020102817,マラキナイア,2025/04/27,2京都2,晴,10,センテニアルパークS(3勝クラス),16,3,5,27.3,9,16,00732,幸英明,54,芝1800,良,1:47.1,1.3,4-3,35.2-33.6,34.6,446(-8),未知,ジャスタウェイ2009 鹿毛[血統][産駒]Halo系,サンデーサイレンスSunday Silence(米)1986 青鹿毛[血統][産駒]
2020102817,マラキナイア,2025/03/15,1阪神5,小雨,10,難波S(3勝クラス),15,8,14,19.6,8,8,01032,池添謙一,56,芝1800,良,1:45.6,0.4,6-4,34.8-34.3,34.3,454(-4),未知,ジャスタウェイ2009 鹿毛[血統][産駒]Halo系,サンデーサイレンスSunday Silence(米)1986 青鹿毛[血統][産駒]
2020102817,マラキナイア,2025/02/09,1京都4,晴,9,斑鳩S(3勝クラス),14,3,3,10.4,5,6,01088,川田将雅,56,芝1600,,1:35.4,0.4,8-8,35.6-34.9,34.6,458(+4),未知,ジャスタウェイ2009 鹿毛[血統][産駒]Halo系,サンデーサイレンスSunday Silence(米)1986 青鹿毛[血統][産駒]
2020102817,マラキナイア,2024/12/28,5中山9,晴,12,2024ファイナルS(3勝クラス),16,4,8,6.8,3,16,01088,川田将雅,55,芝1600,良,1:40.6,6.3,16-16-16,35.5-35.7,37.9,454(-6),未知,ジャスタウェイ2009 鹿毛[血統][産駒]Halo系,サンデーサイレンスSunday Silence(米)1986 青鹿毛[血統][産駒]
2020102817,マラキナイア,2024/10/12,5京都3,晴,10,大原S(3勝クラス),14,6,10,5.3,2,5,01088,川田将雅,56,芝1800,良,1:44.5,0.5,5-5,34.7-34.6,34.7,460(+18),未知,ジャスタウェイ2009 鹿毛[血統][産駒]Halo系,サンデーサイレンスSunday Silence(米)1986 青鹿毛[血統][産駒]
2020102817,マラキナイア,2024/03/16,1中京3,晴,10,豊橋S(3勝クラス),16,8,15,2.6,1,4,01088,川田将雅,56,芝1600,良,1:33.6,0.5,9-4-5,35.3-34.4,33.8,442(0),未知,ジャスタウェイ2009 鹿毛[血統][産駒]Halo系,サンデーサイレンスSunday Silence(米)1986 青鹿毛[血統][産駒]
2020102817,マラキナイア,2024/01/20,1京都6,曇,11,石清水S(3勝クラス),16,7,14,3.5,2,4,01126,松山弘平,54,芝1600,重,1:35.1,0.2,5-4,35.3-35.3,35.2,442(-2),未知,ジャスタウェイ2009 鹿毛[血統][産駒]Halo系,サンデーサイレンスSunday Silence(米)1986 青鹿毛[血統][産駒]
2020102817,マラキナイア,2023/12/24,5阪神8,晴,8,3歳以上2勝クラス,12,5,6,1.7,1,1,01102,北村友一,55,芝1800,良,1:45.6,-0.2,5-3,35.2-33.8,33.3,444(+2),未知,ジャスタウェイ2009 鹿毛[血統][産駒]Halo系,サンデーサイレンスSunday Silence(米)1986 青鹿毛[血統][産駒]
2020102817,マラキナイア,2023/10/15,2京都5,晴,11,秋華賞(GI),18,2,3,107.3,11,6,01032,池添謙一,55,芝2000,,2:01.8,0.7,8-7-7-9,36.4-34.0,34.2,442(0),未知,ジャスタウェイ2009 鹿毛[血統][産駒]Halo系,サンデーサイレンスSunday Silence(米)1986 青鹿毛[血統][産駒]
2020102817,マラキナイア,2023/09/17,4阪神4,晴,11,関西TVローズS(GII),17,5,10,15.4,5,3,01088,川田将雅,54,芝1800,良,1:43.5,0.5,12-11,34.4-34.0,33.4,442(+14),未知,ジャスタウェイ2009 鹿毛[血統][産駒]Halo系,サンデーサイレンスSunday Silence(米)1986 青鹿毛[血統][産駒]
2020102817,マラキナイア,2023/06/25,3東京8,晴,9,八ヶ岳特別(2勝クラス),12,3,3,1.7,1,2,05386,戸崎圭太,53,芝1800,良,1:46.4,0.2,4-5-5,35.8-34.5,34.3,428(0),未知,ジャスタウェイ2009 鹿毛[血統][産駒]Halo系,サンデーサイレンスSunday Silence(米)1986 青鹿毛[血統][産駒]
2020102817,マラキナイア,2023/04/02,2阪神4,晴,5,3歳1勝クラス,12,8,11,3.3,2,1,01088,川田将雅,54,芝1600,良,1:32.7,-0.2,7-7,34.0-35.0,34.0,428(-4),未知,ジャスタウェイ2009 鹿毛[血統][産駒]Halo系,サンデーサイレンスSunday Silence(米)1986 青鹿毛[血統][産駒]
2020102817,マラキナイア,2023/03/04,1阪神7,晴,11,チューリップ賞(GII),17,4,7,72.8,12,9,01126,松山弘平,54,芝1600,良,1:34.3,0.3,16-15,35.2-34.1,33.3,432(+4),未知,ジャスタウェイ2009 鹿毛[血統][産駒]Halo系,サンデーサイレンスSunday Silence(米)1986 青鹿毛[血統][産駒]
2020102817,マラキナイア,2022/12/17,5中山5,曇,9,ひいらぎ賞(1勝クラス),13,6,9,2.7,1,6,01126,松山弘平,54,芝1600,良,1:35.5,0.8,7-7-8,35.5-35.0,35.0,428(-2),未知,ジャスタウェイ2009 鹿毛[血統][産駒]Halo系,サンデーサイレンスSunday Silence(米)1986 青鹿毛[血統][産駒]
2020102817,マラキナイア,2022/10/29,4東京8,晴,11,アルテミスS(GIII),10,8,9,13.0,4,5,01126,松山弘平,54,芝1600,良,1:34.1,0.3,4-4,35.8-33.8,33.8,430(+8),未知,ジャスタウェイ2009 鹿毛[血統][産駒]Halo系,サンデーサイレンスSunday Silence(米)1986 青鹿毛[血統][産駒]
2020102817,マラキナイア,2022/06/11,4中京3,曇,5,2歳新馬,11,2,2,1.7,1,1,01088,川田将雅,54,芝1600,良,1:34.7,-0.3,3-3-3,35.9-35.0,34.7,422(0),未知,ジャスタウェイ2009 鹿毛[血統][産駒]Halo系,サンデーサイレンスSunday Silence(米)1986 青鹿毛[血統][産駒]
2020102934,ディナトセレーネ,2026/03/16,浦和,晴,10,アクアマリン特別(C1),11,7,9,5.9,4,8,05443,本田正重,54,ダ1500,,1:37.8,1.3,6-7-7-7,31.1-39.8,39.9,478(-6),牝6歳,レッドファルクス2011 芦毛[血統][産駒]Mr. Prospector系,エンドスウィープEnd Sweep(米)1991 鹿毛[血統][産駒]
2020102934,ディナトセレーネ,2026/02/13,船橋,晴,8,エーデルワイス特別(C1),12,4,4,17.1,7,11,05404,御神本訓,54,ダ1200,良,1:17.2,1.8,4-5-7,37.1-38.3,39.6,484(-3),牝6歳,レッドファルクス2011 芦毛[血統][産駒]Mr. Prospector系,エンドスウィープEnd Sweep(米)1991 鹿毛[血統][産駒]
2020102934,ディナトセレーネ,2026/01/23,船橋,晴,10,大吉賞(C1),11,8,10,4.7,2,5,05443,本田正重,54,ダ1600,良,1:46.7,0.7,3-3-3-3,39.5-39.9,18.0,487(+4),牝6歳,レッドファルクス2011 芦毛[血統][産駒]Mr. Prospector系,エンドスウィープEnd Sweep(米)1991 鹿毛[血統][産駒]
2020102934,ディナトセレーネ,2025/09/25,浦和,曇,11,祝月特別(B3),13,3,3,4.1,2,4,a02d7,西啓太,54,ダ1400,良,1:28.8,0.5,5-5-3-3,36.8-38.7,45.0,483(+4),牝6歳,レッドファルクス2011 芦毛[血統][産駒]Mr. Prospector系,エンドスウィープEnd Sweep(米)1991 鹿毛[血統][産駒]
2020102934,ディナトセレーネ,2025/08/20,浦和,晴,9,鳳仙花特別(C1),11,2,2,1.7,1,1,05443,本田正重,54,ダ1400,良,1:28.0,-0.3,3-4-4-3,37.2-37.6,37.1,479(-2),牝6歳,レッドファルクス2011 芦毛[血統][産駒]Mr. Prospector系,エンドスウィープEnd Sweep(米)1991 鹿毛[血統][産駒]
2020102934,ディナトセレーネ,2025/07/25,浦和,晴,10,ハイビスカス特別(C1),10,6,6,1.6,1,3,a02d7,西啓太,54,ダ1400,良,1:29.7,0.1,6-6-3-3,36.5-39.9,45.0,481(+8),牝6歳,レッドファルクス2011 芦毛[血統][産駒]Mr. Prospector系,エンドスウィープEnd Sweep(米)1991 鹿毛[血統][産駒]
2020102934,ディナトセレーネ,2025/06/26,浦和,曇,10,宮沢湖特別(C1),10,7,8,8.4,3,2,a02d7,西啓太,54,ダ1400,重,1:26.3,0.6,6-5-6-4,36.3-36.9,72.0,473(+8),牝6歳,レッドファルクス2011 芦毛[血統][産駒]Mr. Prospector系,エンドスウィープEnd Sweep(米)1991 鹿毛[血統][産駒]
2020102934,ディナトセレーネ,2025/05/29,浦和,曇,9,双子座特別(C1),13,4,5,5.3,3,5,05380,矢野貴之,54,ダ1400,良,1:28.9,0.5,6-7-4-5,35.9-39.5,18.0,465(-7),牝6歳,レッドファルクス2011 芦毛[血統][産駒]Mr. Prospector系,エンドスウィープEnd Sweep(米)1991 鹿毛[血統][産駒]
2020102934,ディナトセレーネ,2025/05/09,船橋,雨,12,20時50分にビッグ(C1),10,1,1,3.6,2,6,05524,笹川翼,54,ダ1600,良,1:44.8,2.7,4-4-4-4,37.6-39.1,41.1,472(+8),牝6歳,レッドファルクス2011 芦毛[血統][産駒]Mr. Prospector系,エンドスウィープEnd Sweep(米)1991 鹿毛[血統][産駒]
2020102934,ディナトセレーネ,2025/02/22,1東京7,晴,12,4歳以上1勝クラス,16,4,8,74.2,10,9,01184,原優介,55,ダ1600,良,1:39.1,0.9,1-1,35.6-37.7,38.6,464(0),牝6歳,レッドファルクス2011 芦毛[血統][産駒]Mr. Prospector系,エンドスウィープEnd Sweep(米)1991 鹿毛[血統][産駒]
2020102934,ディナトセレーネ,2024/12/28,5中山9,晴,7,3歳以上1勝クラス,16,2,4,70.1,10,14,01184,原優介,55,芝1800,良,1:49.7,1.8,2-2-2-2,36.0-35.7,37.4,464(+4),牝6歳,レッドファルクス2011 芦毛[血統][産駒]Mr. Prospector系,エンドスウィープEnd Sweep(米)1991 鹿毛[血統][産駒]
2020102934,ディナトセレーネ,2024/10/14,4新潟4,晴,12,3歳以上1勝クラス,16,2,3,22.0,10,16,01184,原優介,55,芝1800,良,1:49.9,3.4,5-5,34.0-35.0,38.2,460(+2),牝6歳,レッドファルクス2011 芦毛[血統][産駒]Mr. Prospector系,エンドスウィープEnd Sweep(米)1991 鹿毛[血統][産駒]
2020102934,ディナトセレーネ,2024/08/10,2札幌1,晴,9,石狩特別(1勝クラス),13,5,6,5.0,2,8,01157,鮫島克駿,56,芝1800,良,1:48.6,0.6,1-1-1-1,35.6-36.4,37.0,458(0),牝6歳,レッドファルクス2011 芦毛[血統][産駒]Mr. Prospector系,エンドスウィープEnd Sweep(米)1991 鹿毛[血統][産駒]
2020102934,ディナトセレーネ,2024/07/14,2福島6,小雨,8,3歳以上1勝クラス,16,6,11,6.3,4,2,01184,原優介,55,芝1800,良,1:48.5,0.1,2-2-2-2,36.1-35.9,35.9,458(-8),牝6歳,レッドファルクス2011 芦毛[血統][産駒]Mr. Prospector系,エンドスウィープEnd Sweep(米)1991 鹿毛[血統][産駒]
2020102934,ディナトセレーネ,2024/06/08,3東京3,晴,7,3歳以上1勝クラス,13,5,7,26.8,6,3,01184,原優介,55,芝1600,良,1:33.5,0.1,2-2,36.0-34.2,34.2,466(+8),牝6歳,レッドファルクス2011 芦毛[血統][産駒]Mr. Prospector系,エンドスウィープEnd Sweep(米)1991 鹿毛[血統][産駒]
2020102934,ディナトセレーネ,2024/04/07,1福島2,晴,7,4歳以上1勝クラス,16,4,8,10.2,5,8,01179,菅原明良,56,芝1200,良,1:08.8,0.6,7-8,33.6-34.6,34.6,458(-8),牝6歳,レッドファルクス2011 芦毛[血統][産駒]Mr. Prospector系,エンドスウィープEnd Sweep(米)1991 鹿毛[血統][産駒]
2020102934,ディナトセレーネ,2024/02/18,2小倉4,晴,12,4歳以上1勝クラス,17,6,12,15.5,9,6,01096,大野拓弥,56,芝1200,良,1:08.3,0.3,12-10,33.4-34.6,34.1,466(+2),牝6歳,レッドファルクス2011 芦毛[血統][産駒]Mr. Prospector系,エンドスウィープEnd Sweep(米)1991 鹿毛[血統][産駒]
2020102934,ディナトセレーネ,2024/02/04,1小倉8,晴,12,4歳以上1勝クラス,14,7,11,7.4,2,8,01197,佐々木大,55,芝1200,重,1:10.3,0.8,6-7,33.5-36.0,36.2,464(0),牝6歳,レッドファルクス2011 芦毛[血統][産駒]Mr. Prospector系,エンドスウィープEnd Sweep(米)1991 鹿毛[血統][産駒]
2020102934,ディナトセレーネ,2023/12/09,5中山3,晴,7,3歳以上1勝クラス,14,5,8,10.7,4,8,01096,大野拓弥,55,芝1200,良,1:08.6,0.9,6-5,33.3-34.4,34.7,464(+8),牝6歳,レッドファルクス2011 芦毛[血統][産駒]Mr. Prospector系,エンドスウィープEnd Sweep(米)1991 鹿毛[血統][産駒]
2020102934,ディナトセレーネ,2023/10/28,4東京8,晴,7,3歳以上1勝クラス,16,6,11,4.2,2,15,01170,横山武史,54,ダ1400,良,1:27.9,3.0,7-10,35.7-36.9,39.0,456(+6),牝6歳,レッドファルクス2011 芦毛[血統][産駒]Mr. Prospector系,エンドスウィープEnd Sweep(米)1991 鹿毛[血統][産駒]
2020102934,ディナトセレーネ,2023/09/10,4中山2,晴,7,3歳以上1勝クラス,16,3,5,3.9,2,6,01170,横山武史,54,芝1600,良,1:33.6,0.2,1-1-1,35.5-34.7,34.9,450(+4),牝6歳,レッドファルクス2011 芦毛[血統][産駒]Mr. Prospector系,エンドスウィープEnd Sweep(米)1991 鹿毛[血統][産駒]
2020102934,ディナトセレーネ,2023/05/27,2東京11,晴,7,3歳1勝クラス,13,4,4,5.8,3,6,01170,横山武史,54,芝1400,良,1:20.8,0.5,1-1,35.1-33.6,34.1,446(-4),牝6歳,レッドファルクス2011 芦毛[血統][産駒]Mr. Prospector系,エンドスウィープEnd Sweep(米)1991 鹿毛[血統][産駒]
2020102934,ディナトセレーネ,2023/03/12,2中山6,曇,11,アネモネS(L),16,2,3,9.6,5,7,01170,横山武史,54,芝1600,良,1:34.2,0.4,4-5-5,34.7-35.1,35.1,450(-2),牝6歳,レッドファルクス2011 芦毛[血統][産駒]Mr. Prospector系,エンドスウィープEnd Sweep(米)1991 鹿毛[血統][産駒]
2020102934,ディナトセレーネ,2023/01/09,1中山4,晴,11,フェアリーS(GIII),16,4,7,4.8,2,10,01170,横山武史,54,芝1600,良,1:35.0,0.7,2-2-3,34.5-36.1,36.5,452(+4),牝6歳,レッドファルクス2011 芦毛[血統][産駒]Mr. Prospector系,エンドスウィープEnd Sweep(米)1991 鹿毛[血統][産駒]
2020102934,ディナトセレーネ,2022/10/29,4東京8,晴,11,アルテミスS(GIII),10,4,4,33.4,7,6,01170,横山武史,54,芝1600,良,1:34.2,0.4,2-2,35.8-33.8,34.0,448(-4),牝6歳,レッドファルクス2011 芦毛[血統][産駒]Mr. Prospector系,エンドスウィープEnd Sweep(米)1991 鹿毛[血統][産駒]
2020102934,ディナトセレーネ,2022/09/24,4中山6,曇,2,2歳未勝利,16,3,6,3.4,1,1,01170,横山武史,54,芝1600,,1:35.5,-0.4,3-3-3,35.8-35.6,35.2,452(+6),牝6歳,レッドファルクス2011 芦毛[血統][産駒]Mr. Prospector系,エンドスウィープEnd Sweep(米)1991 鹿毛[血統][産駒]
2020102934,ディナトセレーネ,2022/07/31,2新潟2,晴,6,2歳新馬,14,5,10,3.0,1,4,05212,Ｍ．デム,54,芝1400,良,1:22.6,0.1,7-7,35.3-35.1,34.6,446(0),牝6歳,レッドファルクス2011 芦毛[血統][産駒]Mr. Prospector系,エンドスウィープEnd Sweep(米)1991 鹿毛[血統][産駒]
2020105615,マスキュリン,2025/06/30,大井,晴,11,オフト後楽園賞競走(B1B2),12,7,9,310.3,12,11,05612,菅原涼太,55,ダ2000,良,2:10.4,3.8,11-11-12-11,36.1-38.6,40.8,457(-1),牝6歳,ワンアンドオンリー2011 黒鹿毛[血統][産駒]Halo系,サンデーサイレンスSunday Silence(米)1986 青鹿毛[血統][産駒]
2020105615,マスキュリン,2025/05/23,大井,曇,11,サンケイスポーツ賞競(B1B2),15,7,12,148.1,11,12,05540,達城龍次,55,ダ1400,良,1:27.9,2.1,14-14-14,36.8-37.4,37.5,458(-1),牝6歳,ワンアンドオンリー2011 黒鹿毛[血統][産駒]Halo系,サンデーサイレンスSunday Silence(米)1986 青鹿毛[血統][産駒]
2020105615,マスキュリン,2025/04/30,大井,晴,9,春風賞競走(B1B2),11,4,4,31.6,7,10,05612,菅原涼太,55,ダ1800,,1:57.9,2.3,10-11-11-11,38.3-38.4,39.4,459(+17),牝6歳,ワンアンドオンリー2011 黒鹿毛[血統][産駒]Halo系,サンデーサイレンスSunday Silence(米)1986 青鹿毛[血統][産駒]
2020105615,マスキュリン,2024/12/08,5中山4,晴,9,チバテレ杯(2勝クラス),16,5,10,42.6,10,12,01184,原優介,56,芝2000,良,2:00.7,0.8,14-14-14-14,36.2-36.0,35.3,442(-8),牝6歳,ワンアンドオンリー2011 黒鹿毛[血統][産駒]Halo系,サンデーサイレンスSunday Silence(米)1986 青鹿毛[血統][産駒]
2020105615,マスキュリン,2024/11/17,3福島6,晴,10,五色沼特別(2勝クラス),16,1,1,46.2,12,4,01191,松本大輝,56,芝1800,良,1:49.5,0.2,9-7-8-8,36.7-35.0,34.8,450(+12),牝6歳,ワンアンドオンリー2011 黒鹿毛[血統][産駒]Halo系,サンデーサイレンスSunday Silence(米)1986 青鹿毛[血統][産駒]
2020105615,マスキュリン,2024/07/20,2福島7,晴,10,白河特別(2勝クラス),16,1,1,24.8,7,7,01127,丸山元気,56,芝1800,良,1:48.3,0.3,5-6-6-6,36.1-35.5,35.2,438(-4),牝6歳,ワンアンドオンリー2011 黒鹿毛[血統][産駒]Halo系,サンデーサイレンスSunday Silence(米)1986 青鹿毛[血統][産駒]
2020105615,マスキュリン,2024/06/29,2福島1,晴,10,松島特別(2勝クラス),14,5,7,17.3,7,11,01150,石川裕紀,56,芝1800,良,1:46.7,0.8,13-13-13-13,35.4-35.6,34.5,442(+6),牝6歳,ワンアンドオンリー2011 黒鹿毛[血統][産駒]Halo系,サンデーサイレンスSunday Silence(米)1986 青鹿毛[血統][産駒]
2020105615,マスキュリン,2024/04/20,1福島5,晴,8,4歳以上1勝クラス,12,1,1,4.4,2,1,01179,菅原明良,56,芝1800,良,1:48.2,-0.2,3-3-4-4,36.1-35.8,35.0,436(-4),牝6歳,ワンアンドオンリー2011 黒鹿毛[血統][産駒]Halo系,サンデーサイレンスSunday Silence(米)1986 青鹿毛[血統][産駒]
2020105615,マスキュリン,2024/02/25,2小倉6,晴,12,4歳以上1勝クラス,10,7,7,4.4,3,4,00732,幸英明,55,芝1800,,1:51.4,0.1,6-5-4-2,37.5-34.9,34.6,440(0),牝6歳,ワンアンドオンリー2011 黒鹿毛[血統][産駒]Halo系,サンデーサイレンスSunday Silence(米)1986 青鹿毛[血統][産駒]
2020105615,マスキュリン,2024/01/28,1小倉6,曇,10,日田特別(1勝クラス),16,4,8,5.9,3,3,00732,幸英明,55,芝1800,,1:50.2,0.3,5-4-5-3,37.6-36.2,36.0,440(-2),牝6歳,ワンアンドオンリー2011 黒鹿毛[血統][産駒]Halo系,サンデーサイレンスSunday Silence(米)1986 青鹿毛[血統][産駒]
2020105615,マスキュリン,2023/11/19,3福島6,晴,8,3歳以上1勝クラス,16,6,11,11.5,5,13,01191,松本大輝,53,芝2000,良,2:03.5,1.9,11-12-12-11,35.5-37.1,38.2,442(0),牝6歳,ワンアンドオンリー2011 黒鹿毛[血統][産駒]Halo系,サンデーサイレンスSunday Silence(米)1986 青鹿毛[血統][産駒]
2020105615,マスキュリン,2023/11/04,3福島1,曇,9,土湯温泉特別(1勝クラス),16,6,11,11.0,4,5,01191,松本大輝,54,芝1800,良,1:48.4,0.4,8-8-10-8,35.6-36.4,36.1,442(0),牝6歳,ワンアンドオンリー2011 黒鹿毛[血統][産駒]Halo系,サンデーサイレンスSunday Silence(米)1986 青鹿毛[血統][産駒]
2020105615,マスキュリン,2023/08/20,2札幌4,曇,7,3歳以上1勝クラス,16,2,4,8.7,3,6,01032,池添謙一,53,芝2000,,2:05.2,0.9,10-10-11-13,35.2-37.5,37.6,442(+2),牝6歳,ワンアンドオンリー2011 黒鹿毛[血統][産駒]Halo系,サンデーサイレンスSunday Silence(米)1986 青鹿毛[血統][産駒]
2020105615,マスキュリン,2023/07/30,1札幌4,曇,7,3歳以上1勝クラス,13,4,4,7.5,4,4,01032,池添謙一,53,芝1800,良,1:48.2,0.6,4-4-5-5,36.5-35.1,35.0,440(+2),牝6歳,ワンアンドオンリー2011 黒鹿毛[血統][産駒]Halo系,サンデーサイレンスSunday Silence(米)1986 青鹿毛[血統][産駒]
2020105615,マスキュリン,2023/07/02,2函館2,曇,8,3歳以上1勝クラス,13,7,10,9.4,4,3,01032,池添謙一,53,芝1800,良,1:49.6,0.2,3-3-3-3,35.7-36.3,35.5,438(+4),牝6歳,ワンアンドオンリー2011 黒鹿毛[血統][産駒]Halo系,サンデーサイレンスSunday Silence(米)1986 青鹿毛[血統][産駒]
2020105615,マスキュリン,2023/06/11,1函館2,曇,9,遊楽部特別(1勝クラス),16,6,12,53.3,10,3,01032,池添謙一,53,芝1800,良,1:48.0,0.2,4-2-3-2,34.9-36.1,35.7,434(+2),牝6歳,ワンアンドオンリー2011 黒鹿毛[血統][産駒]Halo系,サンデーサイレンスSunday Silence(米)1986 青鹿毛[血統][産駒]
2020105615,マスキュリン,2023/04/08,1福島1,曇,9,ひめさゆり賞(1勝クラス),10,6,6,40.9,10,7,01192,横山琉人,54,芝2000,良,2:01.4,0.4,7-7-9-9,34.6-36.6,36.1,432(0),牝6歳,ワンアンドオンリー2011 黒鹿毛[血統][産駒]Halo系,サンデーサイレンスSunday Silence(米)1986 青鹿毛[血統][産駒]
2020105615,マスキュリン,2023/03/25,2阪神1,曇,9,君子蘭賞(1勝クラス),10,7,8,101.5,9,7,01018,和田竜二,54,芝1800,良,1:47.8,0.8,2-2,36.0-34.7,35.4,432(0),牝6歳,ワンアンドオンリー2011 黒鹿毛[血統][産駒]Halo系,サンデーサイレンスSunday Silence(米)1986 青鹿毛[血統][産駒]
2020105615,マスキュリン,2023/02/12,2小倉2,晴,9,あすなろ賞(1勝クラス),14,5,7,14.5,7,9,01115,浜中俊,54,芝2000,,2:01.7,0.9,9-9-10-8,35.4-35.6,35.9,432(-2),牝6歳,ワンアンドオンリー2011 黒鹿毛[血統][産駒]Halo系,サンデーサイレンスSunday Silence(米)1986 青鹿毛[血統][産駒]
2020105615,マスキュリン,2022/10/29,4東京8,晴,11,アルテミスS(GIII),10,7,8,96.1,9,7,01077,石橋脩,54,芝1600,良,1:34.7,0.9,2-2,35.8-33.8,34.6,434(-10),牝6歳,ワンアンドオンリー2011 黒鹿毛[血統][産駒]Halo系,サンデーサイレンスSunday Silence(米)1986 青鹿毛[血統][産駒]
2020105615,マスキュリン,2022/10/02,4中山9,晴,9,サフラン賞(1勝クラス),8,1,1,4.8,2,4,01014,福永祐一,54,芝1600,良,1:35.9,0.8,7-8-7,36.0-35.0,35.1,444(+18),牝6歳,ワンアンドオンリー2011 黒鹿毛[血統][産駒]Halo系,サンデーサイレンスSunday Silence(米)1986 青鹿毛[血統][産駒]
2020105615,マスキュリン,2022/07/17,2福島6,曇,5,2歳新馬,14,2,2,22.7,8,1,01169,武藤雅,54,芝1800,良,1:51.2,-0.2,4-3-6-4,36.7-36.5,36.1,426(0),牝6歳,ワンアンドオンリー2011 黒鹿毛[血統][産駒]Halo系,サンデーサイレンスSunday Silence(米)1986 青鹿毛[血統][産駒]
2020102232,コウセイマリア,2025/02/16,1小倉8,晴,12,4歳以上1勝クラス,15,1,1,152.5,14,14,01209,石神深道,53,芝1800,良,1:49.9,1.6,11-13-13-13,35.8-35.7,35.9,410(0),未知,リアルスティール2012 鹿毛[血統][産駒]Halo系,サンデーサイレンスSunday Silence(米)1986 青鹿毛[血統][産駒]
2020102232,コウセイマリア,2025/02/09,1小倉6,晴,7,4歳以上1勝クラス,13,2,2,287.0,13,12,01209,石神深道,53,ダ1700,,1:48.6,1.9,12-12-11-9,30.4-38.3,39.1,410(+6),未知,リアルスティール2012 鹿毛[血統][産駒]Halo系,サンデーサイレンスSunday Silence(米)1986 青鹿毛[血統][産駒]
2020102232,コウセイマリア,2024/10/19,4東京5,晴,7,3歳以上1勝クラス,13,1,1,329.9,13,12,01009,柴田大知,56,ダ1600,良,1:41.6,3.3,11-11,35.6-37.1,39.2,404(0),未知,リアルスティール2012 鹿毛[血統][産駒]Halo系,サンデーサイレンスSunday Silence(米)1986 青鹿毛[血統][産駒]
2020102232,コウセイマリア,2024/10/06,4東京2,曇,6,3歳以上1勝クラス,16,2,4,238.5,15,12,01009,柴田大知,56,ダ1400,重,1:25.8,2.8,8-12,34.7-35.8,37.2,404(0),未知,リアルスティール2012 鹿毛[血統][産駒]Halo系,サンデーサイレンスSunday Silence(米)1986 青鹿毛[血統][産駒]
2020102232,コウセイマリア,2024/05/11,1新潟5,晴,7,4歳以上1勝クラス,8,1,1,161.2,8,8,01198,土田真翔,53,芝1800,良,1:49.9,2.4,2-2,35.5-36.2,38.3,404(-6),未知,リアルスティール2012 鹿毛[血統][産駒]Halo系,サンデーサイレンスSunday Silence(米)1986 青鹿毛[血統][産駒]
2020102232,コウセイマリア,2024/02/25,2小倉6,晴,12,4歳以上1勝クラス,10,8,9,156.7,9,8,01198,土田真翔,52,芝1800,,1:53.2,1.9,9-10-6-7,37.5-34.9,36.2,410(-2),未知,リアルスティール2012 鹿毛[血統][産駒]Halo系,サンデーサイレンスSunday Silence(米)1986 青鹿毛[血統][産駒]
2020102232,コウセイマリア,2024/02/17,2小倉3,晴,8,4歳以上1勝クラス,12,5,6,193.7,12,11,01198,土田真翔,52,芝1800,良,1:49.6,1.5,7-7-10-10,36.8-35.8,36.4,412(+16),未知,リアルスティール2012 鹿毛[血統][産駒]Halo系,サンデーサイレンスSunday Silence(米)1986 青鹿毛[血統][産駒]
2020102232,コウセイマリア,2023/07/09,2函館4,晴,8,3歳以上1勝クラス,11,3,3,65.8,9,11,01197,佐々木大,51,芝2000,良,2:03.6,2.1,5-5-5-8,36.3-35.1,36.5,396(-4),未知,リアルスティール2012 鹿毛[血統][産駒]Halo系,サンデーサイレンスSunday Silence(米)1986 青鹿毛[血統][産駒]
2020102232,コウセイマリア,2023/04/30,2東京4,小雨,11,スイートピーS(L),13,2,2,214.3,13,13,01096,大野拓弥,54,芝1800,良,1:49.6,2.0,13-13-13,35.9-33.9,34.3,400(0),未知,リアルスティール2012 鹿毛[血統][産駒]Halo系,サンデーサイレンスSunday Silence(米)1986 青鹿毛[血統][産駒]
2020102232,コウセイマリア,2023/01/14,1中山5,雨,9,菜の花賞(1勝クラス),13,6,8,34.1,9,12,01009,柴田大知,54,芝1600,良,1:37.1,1.1,6-8-7,36.2-35.4,35.7,400(-4),未知,リアルスティール2012 鹿毛[血統][産駒]Halo系,サンデーサイレンスSunday Silence(米)1986 青鹿毛[血統][産駒]
2020102232,コウセイマリア,2022/10/29,4東京8,晴,11,アルテミスS(GIII),10,2,2,137.0,10,8,01197,佐々木大,54,芝1600,良,1:34.8,1.0,10-9,35.8-33.8,33.9,404(+4),未知,リアルスティール2012 鹿毛[血統][産駒]Halo系,サンデーサイレンスSunday Silence(米)1986 青鹿毛[血統][産駒]
2020102232,コウセイマリア,2022/09/24,4中山6,曇,5,2歳新馬,16,7,14,139.5,14,1,01197,佐々木大,51,芝1600,,1:36.7,0.0,12-11-11,36.4-36.4,34.4,400(0),未知,リアルスティール2012 鹿毛[血統][産駒]Halo系,サンデーサイレンスSunday Silence(米)1986 青鹿毛[血統][産駒]
2020102378,ミシシッピテソーロ,2024/12/14,5中山5,晴,11,ターコイズS(GIII),16,5,10,107.2,14,11,01162,木幡巧也,53,芝1600,良,1:33.8,0.6,14-12-11,34.7-35.1,34.4,448(0),未知,ダノンバラード2008 黒鹿毛[血統][産駒]Halo系,サンデーサイレンスSunday Silence(米)1986 青鹿毛[血統][産駒]
2020102378,ミシシッピテソーロ,2024/11/10,5東京4,曇,11,オーロC(L),18,8,17,16.6,8,11,01162,木幡巧也,53,芝1400,良,1:21.1,0.4,3-3,34.7-34.7,34.8,448(0),未知,ダノンバラード2008 黒鹿毛[血統][産駒]Halo系,サンデーサイレンスSunday Silence(米)1986 青鹿毛[血統][産駒]
2020102378,ミシシッピテソーロ,2024/10/19,4東京5,曇,11,富士S(GII),17,2,3,179.8,15,14,01162,木幡巧也,55,芝1600,良,1:33.0,0.9,3-2,34.2-34.0,34.6,448(+12),未知,ダノンバラード2008 黒鹿毛[血統][産駒]Halo系,サンデーサイレンスSunday Silence(米)1986 青鹿毛[血統][産駒]
2020102378,ミシシッピテソーロ,2024/06/15,3東京5,曇,11,多摩川S(3勝クラス),14,4,6,9.6,5,1,01162,木幡巧也,56,芝1400,良,1:20.4,-0.1,2-2,35.1-34.0,33.9,436(+4),未知,ダノンバラード2008 黒鹿毛[血統][産駒]Halo系,サンデーサイレンスSunday Silence(米)1986 青鹿毛[血統][産駒]
2020102378,ミシシッピテソーロ,2024/04/20,2東京1,晴,10,湘南S(3勝クラス),18,8,18,25.3,9,7,01188,永野猛蔵,54,芝1400,良,1:20.1,0.2,8-8,33.8-34.5,34.1,432(-4),未知,ダノンバラード2008 黒鹿毛[血統][産駒]Halo系,サンデーサイレンスSunday Silence(米)1986 青鹿毛[血統][産駒]
2020102378,ミシシッピテソーロ,2024/03/16,1中京3,晴,10,豊橋S(3勝クラス),16,1,1,35.9,8,7,01199,角田大河,56,芝1600,良,1:33.8,0.7,5-6-7,35.3-34.4,33.7,436(-4),未知,ダノンバラード2008 黒鹿毛[血統][産駒]Halo系,サンデーサイレンスSunday Silence(米)1986 青鹿毛[血統][産駒]
2020102378,ミシシッピテソーロ,2024/03/03,1阪神4,晴,10,戎橋S(3勝クラス),14,2,2,13.5,6,7,01199,角田大河,54,芝1400,良,1:21.0,0.3,6-7,34.6-34.6,34.4,440(-2),未知,ダノンバラード2008 黒鹿毛[血統][産駒]Halo系,サンデーサイレンスSunday Silence(米)1986 青鹿毛[血統][産駒]
2020102378,ミシシッピテソーロ,2024/02/10,1東京5,晴,10,雲雀S(3勝クラス),16,4,8,22.3,7,2,01184,原優介,56,芝1400,良,1:20.5,0.2,9-8,34.1-34.4,33.8,442(+4),未知,ダノンバラード2008 黒鹿毛[血統][産駒]Halo系,サンデーサイレンスSunday Silence(米)1986 青鹿毛[血統][産駒]
2020102378,ミシシッピテソーロ,2023/12/28,5中山9,晴,12,2023ファイナルS(3勝クラス),16,8,16,22.9,8,13,01179,菅原明良,55,芝1600,良,1:34.0,0.8,14-14-14,34.9-35.5,33.9,438(-4),未知,ダノンバラード2008 黒鹿毛[血統][産駒]Halo系,サンデーサイレンスSunday Silence(米)1986 青鹿毛[血統][産駒]
2020102378,ミシシッピテソーロ,2023/11/19,5東京6,晴,10,秋色S(3勝クラス),9,8,9,10.5,5,7,01179,菅原明良,55,芝1600,良,1:35.0,0.6,8-7,37.6-32.6,32.5,442(+4),未知,ダノンバラード2008 黒鹿毛[血統][産駒]Halo系,サンデーサイレンスSunday Silence(米)1986 青鹿毛[血統][産駒]
2020102378,ミシシッピテソーロ,2023/10/15,2京都5,晴,11,秋華賞(GI),18,5,9,290.2,18,13,01150,石川裕紀,55,芝2000,,2:02.4,1.3,2-2-2-2,36.4-34.0,35.3,438(0),未知,ダノンバラード2008 黒鹿毛[血統][産駒]Halo系,サンデーサイレンスSunday Silence(米)1986 青鹿毛[血統][産駒]
2020102378,ミシシッピテソーロ,2023/09/09,4中山1,晴,11,紫苑S(GII),17,4,7,25.2,8,5,01150,石川裕紀,54,芝2000,,1:58.5,0.5,7-7-8-8,35.0-36.3,35.6,438(+4),未知,ダノンバラード2008 黒鹿毛[血統][産駒]Halo系,サンデーサイレンスSunday Silence(米)1986 青鹿毛[血統][産駒]
2020102378,ミシシッピテソーロ,2023/07/30,2新潟2,晴,9,豊栄特別(2勝クラス),13,8,13,4.1,2,1,01088,川田将雅,53,芝1600,良,1:33.6,0.0,8-7,35.8-33.2,32.7,434(+6),未知,ダノンバラード2008 黒鹿毛[血統][産駒]Halo系,サンデーサイレンスSunday Silence(米)1986 青鹿毛[血統][産駒]
2020102378,ミシシッピテソーロ,2023/07/01,2福島1,曇,10,松島特別(2勝クラス),16,5,10,3.0,2,5,01009,柴田大知,53,芝1800,,1:49.1,0.8,6-6-7-5,36.0-35.5,35.7,428(+6),未知,ダノンバラード2008 黒鹿毛[血統][産駒]Halo系,サンデーサイレンスSunday Silence(米)1986 青鹿毛[血統][産駒]
2020102378,ミシシッピテソーロ,2023/05/07,2東京6,雨,11,NHKマイルC(GI),17,8,17,101.2,16,7,01009,柴田大知,55,芝1600,,1:34.4,0.6,11-11,34.3-35.4,35.2,422(+10),未知,ダノンバラード2008 黒鹿毛[血統][産駒]Halo系,サンデーサイレンスSunday Silence(米)1986 青鹿毛[血統][産駒]
2020102378,ミシシッピテソーロ,2023/04/08,3中山5,曇,11,ニュージーランドT(GII),16,6,11,119.3,14,5,01009,柴田大知,54,芝1600,,1:34.2,0.5,12-13-12,35.0-36.0,35.4,412(-6),未知,ダノンバラード2008 黒鹿毛[血統][産駒]Halo系,サンデーサイレンスSunday Silence(米)1986 青鹿毛[血統][産駒]
2020102378,ミシシッピテソーロ,2023/02/11,1東京5,晴,11,デイリー杯クイーンC(GIII),16,8,16,17.7,8,15,05386,戸崎圭太,54,芝1600,,1:35.6,2.5,5-5,34.5-35.1,37.1,418(-6),未知,ダノンバラード2008 黒鹿毛[血統][産駒]Halo系,サンデーサイレンスSunday Silence(米)1986 青鹿毛[血統][産駒]
2020102378,ミシシッピテソーロ,2023/01/09,1中山4,晴,11,フェアリーS(GIII),16,3,6,7.0,4,7,01157,鮫島克駿,54,芝1600,良,1:34.9,0.6,4-6-6,34.5-36.1,36.2,424(+2),未知,ダノンバラード2008 黒鹿毛[血統][産駒]Halo系,サンデーサイレンスSunday Silence(米)1986 青鹿毛[血統][産駒]
2020102378,ミシシッピテソーロ,2022/12/11,6阪神4,晴,11,阪神ジュベナイルF(GI),18,5,10,221.7,16,5,01184,原優介,54,芝1600,良,1:33.8,0.7,10-10,33.7-36.1,35.9,422(-14),未知,ダノンバラード2008 黒鹿毛[血統][産駒]Halo系,サンデーサイレンスSunday Silence(米)1986 青鹿毛[血統][産駒]
2020102378,ミシシッピテソーロ,2022/10/29,4東京8,晴,11,アルテミスS(GIII),10,7,7,13.2,5,9,01162,木幡巧也,54,芝1600,良,1:34.8,1.0,6-6,35.8-33.8,34.3,436(+12),未知,ダノンバラード2008 黒鹿毛[血統][産駒]Halo系,サンデーサイレンスSunday Silence(米)1986 青鹿毛[血統][産駒]
2020102378,ミシシッピテソーロ,2022/08/06,2新潟3,晴,9,ダリア賞(OP),11,1,1,7.0,4,1,01162,木幡巧也,54,芝1400,良,1:21.7,-0.1,9-9,34.3-35.4,34.7,424(-2),未知,ダノンバラード2008 黒鹿毛[血統][産駒]Halo系,サンデーサイレンスSunday Silence(米)1986 青鹿毛[血統][産駒]
2020102378,ミシシッピテソーロ,2022/06/26,3東京8,晴,5,2歳新馬,16,4,7,26.2,7,1,01162,木幡巧也,54,芝1600,良,1:35.7,-0.2,10-10,35.9-35.2,34.1,426(0),未知,ダノンバラード2008 黒鹿毛[血統][産駒]Halo系,サンデーサイレンスSunday Silence(米)1986 青鹿毛[血統][産駒]
2020105496,ニシノコウフク,2025/02/15,1小倉7,曇,10,太宰府特別(2勝クラス),15,3,4,58.8,13,13,01178,斎藤新,56,芝2000,良,2:00.7,1.0,9-7-9-10,35.6-35.9,36.0,472(-4),未知,サトノクラウン2012 黒鹿毛[血統][産駒]Northern Dancer系,ラストタイクーンLast Tycoon(愛)1983 黒鹿毛[血統][産駒]
2020105496,ニシノコウフク,2025/02/08,1小倉5,曇,10,RKB賞(2勝クラス),16,1,2,36.7,10,10,01161,菊沢一樹,56,芝2000,,2:03.1,0.6,9-10-12-10,35.3-37.5,36.5,476(+10),未知,サトノクラウン2012 黒鹿毛[血統][産駒]Northern Dancer系,ラストタイクーンLast Tycoon(愛)1983 黒鹿毛[血統][産駒]
2020105496,ニシノコウフク,2025/01/26,1小倉2,晴,10,海の中道特別(2勝クラス),16,7,14,47.0,7,9,01127,丸山元気,56,芝2600,良,2:40.3,0.6,15-14-11-10,37.0-35.7,35.3,466(-18),未知,サトノクラウン2012 黒鹿毛[血統][産駒]Northern Dancer系,ラストタイクーンLast Tycoon(愛)1983 黒鹿毛[血統][産駒]
2020105496,ニシノコウフク,2024/11/10,5東京4,曇,8,3歳以上2勝クラス,10,8,10,15.4,4,6,01075,田辺裕信,56,芝1800,良,1:47.6,1.2,6-5-5,35.7-34.0,34.5,484(-2),未知,サトノクラウン2012 黒鹿毛[血統][産駒]Northern Dancer系,ラストタイクーンLast Tycoon(愛)1983 黒鹿毛[血統][産駒]
2020105496,ニシノコウフク,2024/10/20,4東京6,晴,9,山中湖特別(2勝クラス),8,3,3,18.3,7,6,01043,北村宏司,56,芝2000,良,2:01.6,0.9,6-6-5,37.4-33.8,34.3,486(+22),未知,サトノクラウン2012 黒鹿毛[血統][産駒]Northern Dancer系,ラストタイクーンLast Tycoon(愛)1983 黒鹿毛[血統][産駒]
2020105496,ニシノコウフク,2024/07/20,2福島7,晴,10,白河特別(2勝クラス),16,5,9,3.9,2,5,01075,田辺裕信,56,芝1800,良,1:48.2,0.2,13-13-12-10,36.1-35.5,34.7,464(+2),未知,サトノクラウン2012 黒鹿毛[血統][産駒]Northern Dancer系,ラストタイクーンLast Tycoon(愛)1983 黒鹿毛[血統][産駒]
2020105496,ニシノコウフク,2024/06/29,2福島1,晴,10,松島特別(2勝クラス),14,2,2,4.7,2,2,01075,田辺裕信,56,芝1800,良,1:46.1,0.2,11-11-9-8,35.4-35.6,34.3,462(-8),未知,サトノクラウン2012 黒鹿毛[血統][産駒]Northern Dancer系,ラストタイクーンLast Tycoon(愛)1983 黒鹿毛[血統][産駒]
2020105496,ニシノコウフク,2024/05/11,2東京7,晴,9,国分寺特別(2勝クラス),12,8,11,36.5,10,8,01188,永野猛蔵,56,芝1800,良,1:46.4,0.4,10-11-11,36.3-34.1,33.5,470(+6),未知,サトノクラウン2012 黒鹿毛[血統][産駒]Northern Dancer系,ラストタイクーンLast Tycoon(愛)1983 黒鹿毛[血統][産駒]
2020105496,ニシノコウフク,2024/04/13,1福島3,晴,10,桑折特別(1勝クラス),15,7,13,8.0,4,1,01188,永野猛蔵,56,芝2000,良,2:00.2,-0.1,10-10-12-9,35.6-35.8,34.9,464(-8),未知,サトノクラウン2012 黒鹿毛[血統][産駒]Northern Dancer系,ラストタイクーンLast Tycoon(愛)1983 黒鹿毛[血統][産駒]
2020105496,ニシノコウフク,2024/01/20,1中山6,曇,12,4歳以上1勝クラス,17,2,3,4.9,3,7,01179,菅原明良,55,芝2200,良,2:14.4,1.2,7-8-7-6,36.3-35.6,36.1,472(+2),未知,サトノクラウン2012 黒鹿毛[血統][産駒]Northern Dancer系,ラストタイクーンLast Tycoon(愛)1983 黒鹿毛[血統][産駒]
2020105496,ニシノコウフク,2023/12/16,5中山5,晴,7,ヤングJSFR中山1(1勝クラス),16,6,11,2.0,1,2,01197,佐々木大,55,芝2000,良,2:00.1,0.2,6-6-7-6,35.4-36.1,35.8,470(+8),未知,サトノクラウン2012 黒鹿毛[血統][産駒]Northern Dancer系,ラストタイクーンLast Tycoon(愛)1983 黒鹿毛[血統][産駒]
2020105496,ニシノコウフク,2023/10/28,4新潟5,曇,9,萬代橋特別(1勝クラス),12,8,11,2.9,2,5,01188,永野猛蔵,53,芝2400,重,2:31.9,0.6,5-5-6-5,36.8-36.2,36.3,462(-6),未知,サトノクラウン2012 黒鹿毛[血統][産駒]Northern Dancer系,ラストタイクーンLast Tycoon(愛)1983 黒鹿毛[血統][産駒]
2020105496,ニシノコウフク,2023/10/07,4東京1,晴,8,3歳以上1勝クラス,14,5,8,8.6,4,3,01188,永野猛蔵,53,芝2000,良,1:58.1,0.9,3-4-4,35.5-34.9,35.2,468(+2),未知,サトノクラウン2012 黒鹿毛[血統][産駒]Northern Dancer系,ラストタイクーンLast Tycoon(愛)1983 黒鹿毛[血統][産駒]
2020105496,ニシノコウフク,2023/09/09,4中山1,晴,11,紫苑S(GII),17,4,8,144.3,15,8,01188,永野猛蔵,54,芝2000,,1:58.8,0.8,11-10-8-8,35.0-36.3,35.9,466(-6),未知,サトノクラウン2012 黒鹿毛[血統][産駒]Northern Dancer系,ラストタイクーンLast Tycoon(愛)1983 黒鹿毛[血統][産駒]
2020105496,ニシノコウフク,2023/06/11,1函館2,曇,9,遊楽部特別(1勝クラス),16,2,4,6.5,4,13,05212,Ｍ．デム,53,芝1800,良,1:49.0,1.2,2-2-2-2,34.9-36.1,36.8,472(+4),未知,サトノクラウン2012 黒鹿毛[血統][産駒]Northern Dancer系,ラストタイクーンLast Tycoon(愛)1983 黒鹿毛[血統][産駒]
2020105496,ニシノコウフク,2023/03/18,2中山7,雨,11,フラワーC(GIII),16,7,13,19.2,10,7,01075,田辺裕信,54,芝1800,,1:53.8,0.6,5-5-3-4,37.6-37.7,38.0,468(+4),未知,サトノクラウン2012 黒鹿毛[血統][産駒]Northern Dancer系,ラストタイクーンLast Tycoon(愛)1983 黒鹿毛[血統][産駒]
2020105496,ニシノコウフク,2023/02/26,2中山2,晴,9,デイジー賞(1勝クラス),9,7,7,4.6,2,3,01096,大野拓弥,54,芝1800,良,1:50.7,0.4,5-5-3-3,37.8-35.7,35.7,464(-6),未知,サトノクラウン2012 黒鹿毛[血統][産駒]Northern Dancer系,ラストタイクーンLast Tycoon(愛)1983 黒鹿毛[血統][産駒]
2020105496,ニシノコウフク,2023/01/14,1中山5,雨,9,菜の花賞(1勝クラス),13,8,13,41.4,10,2,01096,大野拓弥,54,芝1600,良,1:36.2,0.2,3-2-2,36.2-35.4,35.4,470(+4),未知,サトノクラウン2012 黒鹿毛[血統][産駒]Northern Dancer系,ラストタイクーンLast Tycoon(愛)1983 黒鹿毛[血統][産駒]
2020105496,ニシノコウフク,2022/11/20,5東京6,曇,8,赤松賞(1勝クラス),6,1,1,34.6,6,5,01075,田辺裕信,54,芝1600,良,1:37.3,0.5,3-3,37.3-33.5,33.8,466(-6),未知,サトノクラウン2012 黒鹿毛[血統][産駒]Northern Dancer系,ラストタイクーンLast Tycoon(愛)1983 黒鹿毛[血統][産駒]
2020105496,ニシノコウフク,2022/10/29,4東京8,晴,11,アルテミスS(GIII),10,1,1,57.3,8,10,01122,三浦皇成,54,芝1600,良,1:34.8,1.0,6-6,35.8-33.8,34.3,472(+4),未知,サトノクラウン2012 黒鹿毛[血統][産駒]Northern Dancer系,ラストタイクーンLast Tycoon(愛)1983 黒鹿毛[血統][産駒]
2020105496,ニシノコウフク,2022/08/06,2新潟3,晴,6,2歳新馬,18,5,9,13.8,7,1,01122,三浦皇成,54,芝1600,良,1:36.2,-0.2,3-3,36.4-33.9,33.8,468(0),未知,サトノクラウン2012 黒鹿毛[血統][産駒]Northern Dancer系,ラストタイクーンLast Tycoon(愛)1983 黒鹿毛[血統][産駒]
2021105643,チェルヴィニア,2026/05/17,2東京8,晴,11,ヴィクトリアマイル(GI),18,8,18,19.9,6,16,05585,レーン,56,芝1600,良,1:32.0,1.1,3-3,34.6-33.6,34.4,502(+4),牝5歳,ハービンジャーHarbinger(英)2006 鹿毛[血統][産駒]Danzig系,デインヒルDanehill(米)1986 鹿毛[血統][産駒]
2021105643,チェルヴィニア,2026/03/01,2中山2,晴,11,中山記念(GII),14,4,6,7.7,5,5,05339,ルメール,55,芝1800,良,1:45.5,0.4,11-10-10-11,36.3-34.4,33.7,498(+6),牝5歳,ハービンジャーHarbinger(英)2006 鹿毛[血統][産駒]Danzig系,デインヒルDanehill(米)1986 鹿毛[血統][産駒]
2021105643,チェルヴィニア,2025/11/23,4京都6,晴,11,マイルチャンピオンS(GI),18,4,7,45.4,8,10,05626,マーカン,56,芝1600,良,1:32.2,0.9,10-12,34.2-33.6,33.3,492(-8),牝5歳,ハービンジャーHarbinger(英)2006 鹿毛[血統][産駒]Danzig系,デインヒルDanehill(米)1986 鹿毛[血統][産駒]
2021105643,チェルヴィニア,2025/10/05,4東京2,曇,11,毎日王冠(GII),11,6,6,5.0,3,7,05386,戸崎圭太,56,芝1800,良,1:44.7,0.7,7-6-6,34.8-33.7,33.8,500(+16),牝5歳,ハービンジャーHarbinger(英)2006 鹿毛[血統][産駒]Danzig系,デインヒルDanehill(米)1986 鹿毛[血統][産駒]
2021105643,チェルヴィニア,2025/06/22,3阪神6,晴,11,しらさぎS(GIII),14,5,7,4.0,1,2,05339,ルメール,57,芝1600,良,1:33.2,0.2,7-6,35.1-33.9,33.9,484(0),牝5歳,ハービンジャーHarbinger(英)2006 鹿毛[血統][産駒]Danzig系,デインヒルDanehill(米)1986 鹿毛[血統][産駒]
2021105643,チェルヴィニア,2025/04/05,メイダン,,,ドバイシーマクラシッ(GI),9,,9,11.2,6,6,05339,ルメール,55,芝2410,良,,,,,11.2,,牝5歳,ハービンジャーHarbinger(英)2006 鹿毛[血統][産駒]Danzig系,デインヒルDanehill(米)1986 鹿毛[血統][産駒]
2021105643,チェルヴィニア,2025/02/16,1京都6,曇,11,京都記念(GII),12,5,6,1.8,1,9,05339,ルメール,55,芝2200,,2:16.7,1.0,7-7-3-5,37.0-34.6,35.3,500(+6),牝5歳,ハービンジャーHarbinger(英)2006 鹿毛[血統][産駒]Danzig系,デインヒルDanehill(米)1986 鹿毛[血統][産駒]
2021105643,チェルヴィニア,2024/11/24,5東京8,晴,12,ジャパンC(GI),14,6,9,4.0,2,4,05339,ルメール,54,芝2400,良,2:25.9,0.4,3-3-6-4,37.1-33.4,33.4,494(+4),牝5歳,ハービンジャーHarbinger(英)2006 鹿毛[血統][産駒]Danzig系,デインヒルDanehill(米)1986 鹿毛[血統][産駒]
2021105643,チェルヴィニア,2024/10/13,5京都4,晴,11,秋華賞(GI),15,3,5,2.3,1,1,05339,ルメール,55,芝2000,良,1:57.1,-0.3,8-8-8-7,34.5-36.7,34.2,490(+8),牝5歳,ハービンジャーHarbinger(英)2006 鹿毛[血統][産駒]Danzig系,デインヒルDanehill(米)1986 鹿毛[血統][産駒]
2021105643,チェルヴィニア,2024/05/19,2東京10,曇,11,優駿牝馬(GI),18,6,12,4.6,2,1,05339,ルメール,55,芝2400,良,2:24.0,-0.1,12-9-9-10,34.7-35.1,34.0,482(-6),牝5歳,ハービンジャーHarbinger(英)2006 鹿毛[血統][産駒]Danzig系,デインヒルDanehill(米)1986 鹿毛[血統][産駒]
2021105643,チェルヴィニア,2024/04/07,2阪神6,晴,11,桜花賞(GI),18,8,18,6.1,4,13,05627,ムルザバ,55,芝1600,良,1:33.4,1.2,6-5,34.5-34.1,34.8,488(+8),牝5歳,ハービンジャーHarbinger(英)2006 鹿毛[血統][産駒]Danzig系,デインヒルDanehill(米)1986 鹿毛[血統][産駒]
2021105643,チェルヴィニア,2023/10/28,4東京8,晴,11,アルテミスS(GIII),10,4,4,1.5,1,1,05339,ルメール,55,芝1600,良,1:33.6,-0.3,3-3,35.9-33.6,33.3,480(+4),牝5歳,ハービンジャーHarbinger(英)2006 鹿毛[血統][産駒]Danzig系,デインヒルDanehill(米)1986 鹿毛[血統][産駒]
2021105643,チェルヴィニア,2023/08/12,3新潟1,曇,2,2歳未勝利,10,6,6,1.1,1,1,05339,ルメール,55,芝1800,良,1:46.9,-1.0,2-2,36.7-33.2,33.0,476(+6),牝5歳,ハービンジャーHarbinger(英)2006 鹿毛[血統][産駒]Danzig系,デインヒルDanehill(米)1986 鹿毛[血統][産駒]
2021105643,チェルヴィニア,2023/06/04,3東京2,晴,5,2歳新馬,11,1,1,1.8,1,2,05339,ルメール,55,芝1600,,1:34.7,0.1,1-1,37.1-33.3,33.4,470(0),牝5歳,ハービンジャーHarbinger(英)2006 鹿毛[血統][産駒]Danzig系,デインヒルDanehill(米)1986 鹿毛[血統][産駒]
2021105541,サフィラ,2026/05/16,1新潟5,晴,11,新潟大賞典(GIII),15,6,10,31.1,11,13,01127,丸山元気,56,芝2000,良,1:59.9,1.0,8-8,35.9-34.0,34.6,476(-2),牝5歳,ハーツクライ2001 鹿毛[血統][産駒]Halo系,Halo1969 黒鹿毛[血統][産駒]
2021105541,サフィラ,2026/03/15,1中京2,晴,11,東海テレビ杯金鯱賞(GII),14,8,14,88.9,12,9,01127,丸山元気,55,芝2000,良,1:58.6,0.5,7-8-11-10,36.1-35.1,33.9,478(-2),牝5歳,ハーツクライ2001 鹿毛[血統][産駒]Halo系,Halo1969 黒鹿毛[血統][産駒]
2021105541,サフィラ,2026/02/15,2京都6,曇,11,京都記念(GII),12,3,3,27.9,7,5,01171,西村淳也,55,芝2200,良,2:13.1,0.4,5-5-5-5,37.7-33.9,33.9,480(+10),牝5歳,ハーツクライ2001 鹿毛[血統][産駒]Halo系,Halo1969 黒鹿毛[血統][産駒]
2021105541,サフィラ,2025/11/16,4京都4,晴,11,エリザベス女王杯(GI),16,3,5,118.7,15,7,01171,西村淳也,56,芝2200,良,2:11.6,0.6,11-10-10-11,35.4-34.9,34.8,470(+6),牝5歳,ハーツクライ2001 鹿毛[血統][産駒]Halo系,Halo1969 黒鹿毛[血統][産駒]
2021105541,サフィラ,2025/10/12,4東京4,曇,11,アイルランドT(GII),16,7,13,13.8,7,12,01126,松山弘平,56,芝1800,良,1:46.8,1.1,4-4-6,36.4-33.2,33.8,464(+10),牝5歳,ハーツクライ2001 鹿毛[血統][産駒]Halo系,Halo1969 黒鹿毛[血統][産駒]
2021105541,サフィラ,2025/05/18,2東京8,曇,11,ヴィクトリアマイル(GI),17,2,4,25.1,9,13,01126,松山弘平,56,芝1600,良,1:32.8,0.7,4-4,33.9-35.3,34.8,454(-10),牝5歳,ハーツクライ2001 鹿毛[血統][産駒]Halo系,Halo1969 黒鹿毛[血統][産駒]
2021105541,サフィラ,2025/04/12,2阪神5,曇,11,サンスポ杯阪神牝馬S(GII),14,7,11,29.7,9,1,01126,松山弘平,55,芝1600,良,1:32.8,0.0,2-2,35.5-33.4,33.3,464(0),牝5歳,ハーツクライ2001 鹿毛[血統][産駒]Halo系,Halo1969 黒鹿毛[血統][産駒]
2021105541,サフィラ,2025/02/09,1京都4,晴,9,斑鳩S(3勝クラス),14,5,8,5.3,3,3,01126,松山弘平,56,芝1600,,1:35.3,0.3,3-3,35.6-34.9,34.9,464(0),牝5歳,ハーツクライ2001 鹿毛[血統][産駒]Halo系,Halo1969 黒鹿毛[血統][産駒]
2021105541,サフィラ,2024/12/21,7京都7,曇,12,3歳以上2勝クラス,13,7,10,2.4,1,1,05473,Ｃ．デム,55,芝1800,良,1:46.7,-0.5,1-1,35.5-33.9,33.9,464(-2),牝5歳,ハーツクライ2001 鹿毛[血統][産駒]Halo系,Halo1969 黒鹿毛[血統][産駒]
2021105541,サフィラ,2024/11/30,7京都1,晴,12,3歳以上2勝クラス,7,3,3,4.8,3,3,05473,Ｃ．デム,54,芝1800,良,1:46.7,0.5,5-4,36.2-34.2,33.9,466(+12),牝5歳,ハーツクライ2001 鹿毛[血統][産駒]Halo系,Halo1969 黒鹿毛[血統][産駒]
2021105541,サフィラ,2024/09/15,3中京4,曇,11,関西TVローズS(GII),15,8,14,67.0,12,11,01102,北村友一,55,芝2000,,2:01.0,1.1,14-13-13-13,36.1-35.6,34.0,454(+6),牝5歳,ハーツクライ2001 鹿毛[血統][産駒]Halo系,Halo1969 黒鹿毛[血統][産駒]
2021105541,サフィラ,2024/05/19,2東京10,曇,11,優駿牝馬(GI),18,7,15,56.6,10,13,01126,松山弘平,55,芝2400,良,2:25.3,1.3,9-9-6-6,34.7-35.1,35.5,448(+16),牝5歳,ハーツクライ2001 鹿毛[血統][産駒]Halo系,Halo1969 黒鹿毛[血統][産駒]
2021105541,サフィラ,2024/02/10,1東京5,晴,11,デイリー杯クイーンC(GIII),13,4,4,4.1,2,9,01126,松山弘平,55,芝1600,良,1:34.1,1.0,5-5,35.4-34.4,34.9,432(-10),牝5歳,ハーツクライ2001 鹿毛[血統][産駒]Halo系,Halo1969 黒鹿毛[血統][産駒]
2021105541,サフィラ,2023/12/10,5阪神4,晴,11,阪神ジュベナイルF(GI),18,7,14,4.6,1,4,01126,松山弘平,55,芝1600,良,1:33.3,0.7,11-10,34.4-34.4,34.2,442(0),牝5歳,ハーツクライ2001 鹿毛[血統][産駒]Halo系,Halo1969 黒鹿毛[血統][産駒]
2021105541,サフィラ,2023/10/28,4東京8,晴,11,アルテミスS(GIII),10,7,8,5.7,2,2,01126,松山弘平,55,芝1600,良,1:33.9,0.3,6-6,35.9-33.6,33.4,442(-4),牝5歳,ハーツクライ2001 鹿毛[血統][産駒]Halo系,Halo1969 黒鹿毛[血統][産駒]
2021105541,サフィラ,2023/09/30,4阪神8,晴,3,2歳未勝利,6,1,1,1.4,1,1,01126,松山弘平,55,芝1800,良,1:47.9,-0.6,5-4,36.5-33.9,33.7,446(-8),牝5歳,ハーツクライ2001 鹿毛[血統][産駒]Halo系,Halo1969 黒鹿毛[血統][産駒]
2021105541,サフィラ,2023/08/05,2新潟3,晴,6,2歳新馬,13,6,8,1.7,1,3,01126,松山弘平,55,芝1600,良,1:37.0,0.3,3-3,36.6-33.7,33.7,454(0),牝5歳,ハーツクライ2001 鹿毛[血統][産駒]Halo系,Halo1969 黒鹿毛[血統][産駒]
2021105888,スティールブルー,2026/03/29,3中山2,晴,10,船橋S(3勝クラス),15,3,4,39.4,12,5,00660,横山典弘,56,芝1200,良,1:08.1,0.3,7-7,33.7-34.1,33.7,458(+2),牝5歳,ルーラーシップ2007 鹿毛[血統][産駒]Mr. Prospector系,Kingmambo(米)1990 鹿毛[血統][産駒]
2021105888,スティールブルー,2026/01/12,1中山5,晴,10,初春S(3勝クラス),16,2,4,79.5,12,9,01043,北村宏司,52,ダ1200,良,1:11.7,1.4,10-10,33.5-36.8,36.4,456(0),牝5歳,ルーラーシップ2007 鹿毛[血統][産駒]Mr. Prospector系,Kingmambo(米)1990 鹿毛[血統][産駒]
2021105888,スティールブルー,2025/10/12,4東京4,曇,10,テレビ静岡賞(3勝クラス),16,6,12,34.6,10,14,01127,丸山元気,56,ダ1400,良,1:26.4,2.5,8-12,36.0-36.3,36.8,456(-2),牝5歳,ルーラーシップ2007 鹿毛[血統][産駒]Mr. Prospector系,Kingmambo(米)1990 鹿毛[血統][産駒]
2021105888,スティールブルー,2025/08/03,3中京4,晴,6,桶狭間S(3勝クラス),16,3,6,15.0,7,15,01034,酒井学,56,ダ1400,良,1:25.4,1.3,6-6,34.3-37.9,38.6,458(+10),牝5歳,ルーラーシップ2007 鹿毛[血統][産駒]Mr. Prospector系,Kingmambo(米)1990 鹿毛[血統][産駒]
2021105888,スティールブルー,2025/06/08,3東京2,晴,10,八王子特別(2勝クラス),16,3,6,16.1,6,1,01043,北村宏司,56,ダ1400,良,1:23.7,0.0,8-7,35.4-36.4,35.9,448(+2),牝5歳,ルーラーシップ2007 鹿毛[血統][産駒]Mr. Prospector系,Kingmambo(米)1990 鹿毛[血統][産駒]
2021105888,スティールブルー,2025/05/10,2東京5,晴,12,4歳以上2勝クラス,16,1,2,7.5,3,4,01043,北村宏司,56,ダ1400,重,1:22.8,0.5,9-8,34.6-35.9,35.6,446(+8),牝5歳,ルーラーシップ2007 鹿毛[血統][産駒]Mr. Prospector系,Kingmambo(米)1990 鹿毛[血統][産駒]
2021105888,スティールブルー,2025/02/23,1東京8,晴,8,4歳以上2勝クラス,12,5,6,4.6,3,7,05643,キング,56,芝1400,良,1:22.0,0.7,4-3,34.7-34.7,35.1,438(-2),牝5歳,ルーラーシップ2007 鹿毛[血統][産駒]Mr. Prospector系,Kingmambo(米)1990 鹿毛[血統][産駒]
2021105888,スティールブルー,2025/01/05,1中山1,晴,8,4歳以上2勝クラス,16,2,3,2.9,1,7,05626,マーカン,56,芝1200,良,1:08.2,1.1,6-8,33.1-34.0,34.4,440(+4),牝5歳,ルーラーシップ2007 鹿毛[血統][産駒]Mr. Prospector系,Kingmambo(米)1990 鹿毛[血統][産駒]
2021105888,スティールブルー,2024/11/03,5東京2,晴,12,3歳以上2勝クラス,13,1,1,2.4,1,3,05386,戸崎圭太,55,芝1400,良,1:21.1,0.1,4-4,35.2-34.3,33.5,436(-4),牝5歳,ルーラーシップ2007 鹿毛[血統][産駒]Mr. Prospector系,Kingmambo(米)1990 鹿毛[血統][産駒]
2021105888,スティールブルー,2024/08/10,3新潟1,晴,10,新発田城特別(2勝クラス),14,7,11,1.8,1,3,05386,戸崎圭太,53,芝1400,良,1:20.4,0.1,5-5,33.5-35.0,34.5,440(+4),牝5歳,ルーラーシップ2007 鹿毛[血統][産駒]Mr. Prospector系,Kingmambo(米)1990 鹿毛[血統][産駒]
2021105888,スティールブルー,2024/05/25,2東京11,晴,7,3歳1勝クラス,15,6,10,1.7,1,1,05339,ルメール,55,芝1400,良,1:21.0,-0.4,2-2,35.7-33.5,33.4,436(+6),牝5歳,ルーラーシップ2007 鹿毛[血統][産駒]Mr. Prospector系,Kingmambo(米)1990 鹿毛[血統][産駒]
2021105888,スティールブルー,2024/03/02,1阪神3,曇,11,チューリップ賞(GII),16,5,9,4.1,2,10,01088,川田将雅,55,芝1600,,1:33.9,0.8,4-4,34.5-35.4,35.6,430(0),牝5歳,ルーラーシップ2007 鹿毛[血統][産駒]Mr. Prospector系,Kingmambo(米)1990 鹿毛[血統][産駒]
2021105888,スティールブルー,2024/01/07,1中山2,曇,11,フェアリーS(GIII),14,4,6,2.4,1,4,05339,ルメール,55,芝1600,良,1:34.1,0.1,8-12-11,34.7-35.1,34.3,430(-2),牝5歳,ルーラーシップ2007 鹿毛[血統][産駒]Mr. Prospector系,Kingmambo(米)1990 鹿毛[血統][産駒]
2021105888,スティールブルー,2023/10/28,4東京8,晴,11,アルテミスS(GIII),10,8,9,11.0,4,3,01160,荻野極,55,芝1600,良,1:34.0,0.4,3-3,35.9-33.6,33.8,432(+2),牝5歳,ルーラーシップ2007 鹿毛[血統][産駒]Mr. Prospector系,Kingmambo(米)1990 鹿毛[血統][産駒]
2021105888,スティールブルー,2023/08/26,3新潟5,晴,6,2歳新馬,17,8,17,4.7,3,1,01160,荻野極,55,芝1600,良,1:36.4,-0.4,8-8,37.6-33.6,32.9,430(0),牝5歳,ルーラーシップ2007 鹿毛[血統][産駒]Mr. Prospector系,Kingmambo(米)1990 鹿毛[血統][産駒]
2021105953,ライトバック,2025/12/13,5中山3,曇,11,常総S(3勝クラス),16,3,5,10.8,6,12,00660,横山典弘,56,芝1800,良,1:48.0,0.7,16-16-16-16,36.7-34.3,33.4,490(+6),未知,キズナ2010 青鹿毛[血統][産駒]Halo系,サンデーサイレンスSunday Silence(米)1986 青鹿毛[血統][産駒]
2021105953,ライトバック,2025/06/15,3阪神4,晴,10,花のみちS(3勝クラス),18,7,14,8.1,4,14,01163,坂井瑠星,56,芝1600,,1:33.9,1.3,14-13,34.1-35.0,34.0,484(0),未知,キズナ2010 青鹿毛[血統][産駒]Halo系,サンデーサイレンスSunday Silence(米)1986 青鹿毛[血統][産駒]
2021105953,ライトバック,2025/02/09,1東京4,晴,10,初音S(3勝クラス),16,5,10,3.2,2,12,01032,池添謙一,55,芝1800,良,1:47.2,1.7,14-13-13,34.9-35.2,35.1,484(+2),未知,キズナ2010 青鹿毛[血統][産駒]Halo系,サンデーサイレンスSunday Silence(米)1986 青鹿毛[血統][産駒]
2021105953,ライトバック,2024/12/01,7京都2,晴,10,嵯峨野S(3勝クラス),13,3,3,2.3,1,7,01180,団野大成,54,芝1800,良,1:46.8,0.9,10-11,35.5-33.6,33.7,482(+6),未知,キズナ2010 青鹿毛[血統][産駒]Halo系,サンデーサイレンスSunday Silence(米)1986 青鹿毛[血統][産駒]
2021105953,ライトバック,2024/09/01,3新潟8,晴,11,新潟記念(GIII),11,2,2,,,除,01163,坂井瑠星,52,芝2000,良,,,,35.4-35.0,,482(+6),未知,キズナ2010 青鹿毛[血統][産駒]Halo系,サンデーサイレンスSunday Silence(米)1986 青鹿毛[血統][産駒]
2021105953,ライトバック,2024/05/19,2東京10,曇,11,優駿牝馬(GI),18,7,14,7.9,3,3,01163,坂井瑠星,55,芝2400,良,2:24.4,0.4,15-14-13-15,34.7-35.1,34.1,476(+6),未知,キズナ2010 青鹿毛[血統][産駒]Halo系,サンデーサイレンスSunday Silence(米)1986 青鹿毛[血統][産駒]
2021105953,ライトバック,2024/04/07,2阪神6,晴,11,桜花賞(GI),18,6,11,14.6,7,3,01163,坂井瑠星,55,芝1600,良,1:32.3,0.1,17-18,34.5-34.1,32.8,470(-2),未知,キズナ2010 青鹿毛[血統][産駒]Halo系,サンデーサイレンスSunday Silence(米)1986 青鹿毛[血統][産駒]
2021105953,ライトバック,2024/02/03,2京都3,曇,10,エルフィンS(L),11,2,2,3.3,1,1,01163,坂井瑠星,55,芝1600,良,1:35.1,-0.1,5-5,36.4-34.5,33.9,472(+2),未知,キズナ2010 青鹿毛[血統][産駒]Halo系,サンデーサイレンスSunday Silence(米)1986 青鹿毛[血統][産駒]
2021105953,ライトバック,2023/10/28,4東京8,晴,11,アルテミスS(GIII),10,1,1,7.3,3,4,01115,浜中俊,55,芝1600,良,1:34.2,0.6,6-6,35.9-33.6,33.7,470(0),未知,キズナ2010 青鹿毛[血統][産駒]Halo系,サンデーサイレンスSunday Silence(米)1986 青鹿毛[血統][産駒]
2021105953,ライトバック,2023/08/13,3新潟2,晴,5,2歳新馬,12,7,10,2.6,1,1,01115,浜中俊,55,芝1800,良,1:50.1,-0.1,11-10,37.6-33.6,32.8,470(0),未知,キズナ2010 青鹿毛[血統][産駒]Halo系,サンデーサイレンスSunday Silence(米)1986 青鹿毛[血統][産駒]
2021103910,ショウナンマヌエラ,2024/05/19,2東京10,曇,11,優駿牝馬(GI),18,8,16,216.3,18,17,05203,岩田康誠,55,芝2400,良,2:30.7,6.7,1-2-2-2,34.7-35.1,41.3,466(-4),未知,ジャスタウェイ2009 鹿毛[血統][産駒]Halo系,サンデーサイレンスSunday Silence(米)1986 青鹿毛[血統][産駒]
2021103910,ショウナンマヌエラ,2024/04/07,2阪神6,晴,11,桜花賞(GI),18,7,14,340.2,18,17,05203,岩田康誠,55,芝1600,良,1:34.0,1.8,1-1,34.5-34.1,35.9,470(+2),未知,ジャスタウェイ2009 鹿毛[血統][産駒]Halo系,サンデーサイレンスSunday Silence(米)1986 青鹿毛[血統][産駒]
2021103910,ショウナンマヌエラ,2024/03/02,1阪神3,曇,11,チューリップ賞(GII),16,6,12,58.3,10,14,01077,石橋脩,55,芝1600,,1:34.1,1.0,15-15,34.5-35.4,34.9,468(-6),未知,ジャスタウェイ2009 鹿毛[血統][産駒]Halo系,サンデーサイレンスSunday Silence(米)1986 青鹿毛[血統][産駒]
2021103910,ショウナンマヌエラ,2023/10/28,4東京8,晴,11,アルテミスS(GIII),10,2,2,17.8,6,5,01077,石橋脩,55,芝1600,良,1:34.5,0.9,1-1,35.9-33.6,34.5,474(+12),未知,ジャスタウェイ2009 鹿毛[血統][産駒]Halo系,サンデーサイレンスSunday Silence(米)1986 青鹿毛[血統][産駒]
2021103910,ショウナンマヌエラ,2023/08/27,3新潟6,晴,11,新潟2歳S(GIII),12,5,6,79.1,10,2,01077,石橋脩,55,芝1600,良,1:34.0,0.2,1-1,35.4-34.0,34.2,462(+2),未知,ジャスタウェイ2009 鹿毛[血統][産駒]Halo系,サンデーサイレンスSunday Silence(米)1986 青鹿毛[血統][産駒]
2021103910,ショウナンマヌエラ,2023/07/09,3中京4,小雨,6,2歳新馬,10,7,7,6.9,4,1,01171,西村淳也,55,芝1600,,1:37.9,-0.1,1-1-1,37.9-35.1,35.1,460(0),未知,ジャスタウェイ2009 鹿毛[血統][産駒]Halo系,サンデーサイレンスSunday Silence(米)1986 青鹿毛[血統][産駒]
2021105473,ラヴスコール,2026/05/16,1新潟5,晴,12,4歳以上1勝クラス,16,2,3,14.6,5,6,05675,ゴンサル,56,芝1400,良,1:22.5,0.6,6-6,35.6-34.2,34.2,428(+2),牝5歳,ドゥラメンテ2012 鹿毛[血統][産駒]Mr. Prospector系,Kingmambo(米)1990 鹿毛[血統][産駒]
2021105473,ラヴスコール,2026/05/03,1新潟2,曇,7,4歳以上1勝クラス,16,4,7,12.3,5,4,01178,斎藤新,56,芝1400,良,1:22.3,0.5,8-7,34.7-35.4,35.0,426(+6),牝5歳,ドゥラメンテ2012 鹿毛[血統][産駒]Mr. Prospector系,Kingmambo(米)1990 鹿毛[血統][産駒]
2021105473,ラヴスコール,2026/03/07,2中山3,曇,12,4歳以上1勝クラス,16,3,6,43.0,12,10,01144,菱田裕二,56,芝1600,,1:34.9,0.9,11-13-13,34.4-36.3,36.2,420(-6),牝5歳,ドゥラメンテ2012 鹿毛[血統][産駒]Mr. Prospector系,Kingmambo(米)1990 鹿毛[血統][産駒]
2021105473,ラヴスコール,2025/12/20,5中京5,小雨,12,3歳以上1勝クラス,18,7,14,47.1,11,7,01194,大久保友,53,芝1400,,1:21.2,0.4,15-16,33.4-36.0,34.2,426(-2),牝5歳,ドゥラメンテ2012 鹿毛[血統][産駒]Mr. Prospector系,Kingmambo(米)1990 鹿毛[血統][産駒]
2021105473,ラヴスコール,2025/09/06,2札幌5,晴,7,3歳以上1勝クラス,14,2,2,68.1,12,2,01144,菱田裕二,56,芝1500,良,1:29.5,0.1,8-11-10,28.9-36.3,35.2,428(0),牝5歳,ドゥラメンテ2012 鹿毛[血統][産駒]Mr. Prospector系,Kingmambo(米)1990 鹿毛[血統][産駒]
2021105473,ラヴスコール,2025/08/17,1札幌8,雨,7,3歳以上1勝クラス,14,8,14,10.1,6,12,00660,横山典弘,56,芝1500,,1:31.3,1.4,13-12-12,30.1-35.6,36.1,428(+4),牝5歳,ドゥラメンテ2012 鹿毛[血統][産駒]Mr. Prospector系,Kingmambo(米)1990 鹿毛[血統][産駒]
2021105473,ラヴスコール,2025/06/14,3東京3,小雨,8,3歳以上1勝クラス,18,3,5,18.9,6,10,01092,津村明秀,56,芝1400,良,1:22.6,0.7,7-8,35.0-35.0,34.9,424(+2),牝5歳,ドゥラメンテ2012 鹿毛[血統][産駒]Mr. Prospector系,Kingmambo(米)1990 鹿毛[血統][産駒]
2021105473,ラヴスコール,2025/05/11,2東京6,晴,6,4歳以上1勝クラス,12,4,4,9.9,3,4,01174,岩田望来,56,芝1400,良,1:21.3,0.1,6-4,35.7-33.8,33.6,422(-4),牝5歳,ドゥラメンテ2012 鹿毛[血統][産駒]Mr. Prospector系,Kingmambo(米)1990 鹿毛[血統][産駒]
2021105473,ラヴスコール,2025/03/08,2中山3,小雨,12,4歳以上1勝クラス,16,4,8,4.8,2,7,01170,横山武史,56,芝1600,良,1:35.0,0.6,9-12-12,34.6-36.1,35.6,426(-4),牝5歳,ドゥラメンテ2012 鹿毛[血統][産駒]Mr. Prospector系,Kingmambo(米)1990 鹿毛[血統][産駒]
2021105473,ラヴスコール,2025/01/13,1中山5,晴,12,4歳以上1勝クラス,16,5,9,3.8,1,3,01170,横山武史,55,芝1600,良,1:34.3,0.4,9-9-9,35.2-35.3,35.0,430(+4),牝5歳,ドゥラメンテ2012 鹿毛[血統][産駒]Mr. Prospector系,Kingmambo(米)1990 鹿毛[血統][産駒]
2021105473,ラヴスコール,2024/12/15,5中山6,晴,12,3歳以上1勝クラス,16,8,16,8.5,4,5,01170,横山武史,55,芝1600,良,1:33.5,0.2,13-13-13,34.8-35.0,80.0,426(-2),牝5歳,ドゥラメンテ2012 鹿毛[血統][産駒]Mr. Prospector系,Kingmambo(米)1990 鹿毛[血統][産駒]
2021105473,ラヴスコール,2024/09/01,2札幌8,晴,7,3歳以上1勝クラス,14,7,12,4.2,2,3,00666,武豊,53,芝1800,,1:50.9,0.3,11-12-12-12,37.6-36.1,35.3,428(+8),牝5歳,ドゥラメンテ2012 鹿毛[血統][産駒]Mr. Prospector系,Kingmambo(米)1990 鹿毛[血統][産駒]
2021105473,ラヴスコール,2024/08/11,2札幌2,晴,7,3歳以上1勝クラス,14,7,12,2.8,1,4,00666,武豊,53,芝1500,良,1:27.8,0.3,8-9-5,28.6-35.2,34.7,420(+4),牝5歳,ドゥラメンテ2012 鹿毛[血統][産駒]Mr. Prospector系,Kingmambo(米)1990 鹿毛[血統][産駒]
2021105473,ラヴスコール,2024/06/09,1函館2,小雨,9,遊楽部特別(1勝クラス),9,6,6,2.6,1,3,01170,横山武史,53,芝1800,良,1:48.7,0.8,8-7-7-7,36.3-34.4,34.5,416(-2),牝5歳,ドゥラメンテ2012 鹿毛[血統][産駒]Mr. Prospector系,Kingmambo(米)1990 鹿毛[血統][産駒]
2021105473,ラヴスコール,2024/03/10,2中山6,晴,11,アネモネS(L),12,6,8,6.0,5,5,01140,横山和生,55,芝1600,良,1:34.9,0.3,9-9-9,34.5-36.0,35.3,418(-4),牝5歳,ドゥラメンテ2012 鹿毛[血統][産駒]Mr. Prospector系,Kingmambo(米)1990 鹿毛[血統][産駒]
2021105473,ラヴスコール,2024/01/07,1中山2,曇,11,フェアリーS(GIII),14,1,1,10.6,4,3,01170,横山武史,55,芝1600,良,1:34.1,0.1,8-7-7,34.7-35.1,34.7,422(+2),牝5歳,ドゥラメンテ2012 鹿毛[血統][産駒]Mr. Prospector系,Kingmambo(米)1990 鹿毛[血統][産駒]
2021105473,ラヴスコール,2023/10/28,4東京8,晴,11,アルテミスS(GIII),10,8,10,17.2,5,6,01170,横山武史,55,芝1600,良,1:34.6,1.0,9-9,35.9-33.6,33.8,420(0),牝5歳,ドゥラメンテ2012 鹿毛[血統][産駒]Mr. Prospector系,Kingmambo(米)1990 鹿毛[血統][産駒]
2021105473,ラヴスコール,2023/08/19,2札幌3,晴,5,2歳新馬,11,7,8,1.4,1,1,01170,横山武史,55,芝1500,良,1:31.1,-0.1,4-3-4,30.9-35.1,34.8,420(0),牝5歳,ドゥラメンテ2012 鹿毛[血統][産駒]Mr. Prospector系,Kingmambo(米)1990 鹿毛[血統][産駒]
2021105478,エリカリーシャン,2026/03/01,2中山2,晴,6,4歳以上1勝クラス,15,5,8,220.6,14,13,01096,大野拓弥,56,ダ1800,,1:56.8,3.7,15-15-15-14,37.7-37.5,39.5,488(+12),牝5歳,エピファネイア2010 鹿毛[血統][産駒]Roberto系,Kris S.1977 黒鹿毛[血統][産駒]
2021105478,エリカリーシャン,2025/11/22,3福島5,晴,8,3歳以上1勝クラス,16,5,9,175.6,15,15,01160,荻野極,56,芝2000,良,2:00.8,2.5,7-7-4-8,34.7-35.3,37.7,476(+2),牝5歳,エピファネイア2010 鹿毛[血統][産駒]Roberto系,Kris S.1977 黒鹿毛[血統][産駒]
2021105478,エリカリーシャン,2025/01/18,1中山6,晴,12,4歳以上1勝クラス,16,8,15,32.7,7,16,01122,三浦皇成,55,芝2000,良,2:01.6,2.0,9-10-9-13,36.3-35.5,36.3,474(+4),牝5歳,エピファネイア2010 鹿毛[血統][産駒]Roberto系,Kris S.1977 黒鹿毛[血統][産駒]
2021105478,エリカリーシャン,2024/09/15,4中山4,晴,6,3歳以上1勝クラス,16,1,1,7.9,5,16,01122,三浦皇成,53,ダ1800,良,1:56.6,3.2,9-8-7-8,35.8-38.9,41.0,470(-6),牝5歳,エピファネイア2010 鹿毛[血統][産駒]Roberto系,Kris S.1977 黒鹿毛[血統][産駒]
2021105478,エリカリーシャン,2024/06/02,3東京2,小雨,7,3歳以上1勝クラス,9,5,5,9.3,4,5,05663,オシェア,53,芝2000,,2:02.9,0.8,5-5-5,37.8-33.7,80.0,476(+6),牝5歳,エピファネイア2010 鹿毛[血統][産駒]Roberto系,Kris S.1977 黒鹿毛[血統][産駒]
2021105478,エリカリーシャン,2024/03/24,3中山2,曇,8,ミモザ賞(1勝クラス),7,2,2,20.9,6,4,01140,横山和生,55,芝2000,良,2:01.0,0.6,1-1-1-1,35.9-35.6,36.2,470(-4),牝5歳,エピファネイア2010 鹿毛[血統][産駒]Roberto系,Kris S.1977 黒鹿毛[血統][産駒]
2021105478,エリカリーシャン,2024/02/25,2中山2,小雨,9,デイジー賞(1勝クラス),13,6,9,58.9,11,6,01140,横山和生,55,芝1800,,1:51.1,0.5,6-6-4-4,37.6-36.2,36.3,474(-2),牝5歳,エピファネイア2010 鹿毛[血統][産駒]Roberto系,Kris S.1977 黒鹿毛[血統][産駒]
2021105478,エリカリーシャン,2024/01/07,1中山2,曇,11,フェアリーS(GIII),14,2,2,42.4,9,13,01140,横山和生,55,芝1600,良,1:35.5,1.5,8-8-9,34.7-35.1,35.9,476(+6),牝5歳,エピファネイア2010 鹿毛[血統][産駒]Roberto系,Kris S.1977 黒鹿毛[血統][産駒]
2021105478,エリカリーシャン,2023/10/28,4東京8,晴,11,アルテミスS(GIII),10,7,7,47.3,7,7,05386,戸崎圭太,55,芝1600,良,1:34.6,1.0,10-9,35.9-33.6,33.7,470(0),牝5歳,エピファネイア2010 鹿毛[血統][産駒]Roberto系,Kris S.1977 黒鹿毛[血統][産駒]
2021105478,エリカリーシャン,2023/08/26,3新潟5,晴,5,2歳新馬,11,3,3,7.4,5,1,01122,三浦皇成,55,芝1800,良,1:49.2,-0.4,1-1,37.3-34.9,34.9,470(0),牝5歳,エピファネイア2010 鹿毛[血統][産駒]Roberto系,Kris S.1977 黒鹿毛[血統][産駒]
2021104137,ミエノブラボー,2026/05/17,1新潟6,晴,9,飛竜特別(1勝クラス),16,8,16,5.3,3,10,01203,石田拓郎,56,芝1000,良,0:55.7,0.4,,33.1-32.9,32.3,466(0),牝5歳,リオンディーズ2013 黒鹿毛[血統][産駒]Mr. Prospector系,Kingmambo(米)1990 鹿毛[血統][産駒]
2021104137,ミエノブラボー,2026/04/25,1福島5,晴,7,4歳以上1勝クラス,12,8,11,8.7,5,3,01203,石田拓郎,53,芝1200,良,1:08.6,0.5,10-9,34.0-34.1,33.6,466(-2),牝5歳,リオンディーズ2013 黒鹿毛[血統][産駒]Mr. Prospector系,Kingmambo(米)1990 鹿毛[血統][産駒]
2021104137,ミエノブラボー,2026/03/22,1中京4,曇,8,4歳以上1勝クラス,18,2,4,15.3,6,9,01127,丸山元気,56,芝1400,良,1:21.0,0.7,4-3,33.9-34.9,35.1,468(-12),牝5歳,リオンディーズ2013 黒鹿毛[血統][産駒]Mr. Prospector系,Kingmambo(米)1990 鹿毛[血統][産駒]
2021104137,ミエノブラボー,2026/03/01,1小倉12,晴,7,4歳以上1勝クラス,18,5,9,9.6,3,2,01203,石田拓郎,53,芝1200,良,1:08.7,0.3,13-12,32.6-35.8,34.7,480(0),牝5歳,リオンディーズ2013 黒鹿毛[血統][産駒]Mr. Prospector系,Kingmambo(米)1990 鹿毛[血統][産駒]
2021104137,ミエノブラボー,2026/02/21,1小倉9,晴,12,4歳以上1勝クラス,18,1,1,10.5,5,4,01203,石田拓郎,53,芝1200,良,1:08.3,0.2,15-12,32.7-35.4,34.2,480(+4),牝5歳,リオンディーズ2013 黒鹿毛[血統][産駒]Mr. Prospector系,Kingmambo(米)1990 鹿毛[血統][産駒]
2021104137,ミエノブラボー,2026/02/01,1小倉4,曇,12,4歳以上1勝クラス,18,7,14,10.8,7,5,01203,石田拓郎,53,芝1200,良,1:08.0,0.7,12-13,32.9-34.4,82.0,476(0),牝5歳,リオンディーズ2013 黒鹿毛[血統][産駒]Mr. Prospector系,Kingmambo(米)1990 鹿毛[血統][産駒]
2021104137,ミエノブラボー,2025/11/22,3福島5,晴,12,3歳以上1勝クラス,16,8,15,8.0,4,14,00641,柴田善臣,56,芝1200,良,1:09.8,0.7,6-3,34.3-34.8,34.9,476(+4),牝5歳,リオンディーズ2013 黒鹿毛[血統][産駒]Mr. Prospector系,Kingmambo(米)1990 鹿毛[血統][産駒]
2021104137,ミエノブラボー,2025/09/28,4中山9,晴,7,3歳以上1勝クラス,16,5,10,98.4,9,6,00641,柴田善臣,56,芝1600,良,1:33.5,1.0,8-9-10,34.6-34.6,34.4,472(+2),牝5歳,リオンディーズ2013 黒鹿毛[血統][産駒]Mr. Prospector系,Kingmambo(米)1990 鹿毛[血統][産駒]
2021104137,ミエノブラボー,2025/09/14,4中山4,曇,12,3歳以上1勝クラス,16,6,11,23.9,7,6,00641,柴田善臣,56,芝1600,良,1:33.4,0.9,2-4-4,34.9-34.7,35.1,470(0),牝5歳,リオンディーズ2013 黒鹿毛[血統][産駒]Mr. Prospector系,Kingmambo(米)1990 鹿毛[血統][産駒]
2021104137,ミエノブラボー,2025/08/30,3新潟3,晴,9,新発田城特別(1勝クラス),18,6,12,10.2,5,4,05339,ルメール,56,芝1400,良,1:21.4,0.7,10-9,34.1-35.0,34.5,470(+4),牝5歳,リオンディーズ2013 黒鹿毛[血統][産駒]Mr. Prospector系,Kingmambo(米)1990 鹿毛[血統][産駒]
2021104137,ミエノブラボー,2025/05/25,1新潟8,曇,8,4歳以上1勝クラス,16,1,1,8.5,5,10,01117,丸田恭介,56,芝1200,,1:12.1,0.6,7-3,34.8-36.7,36.3,466(+4),牝5歳,リオンディーズ2013 黒鹿毛[血統][産駒]Mr. Prospector系,Kingmambo(米)1990 鹿毛[血統][産駒]
2021104137,ミエノブラボー,2025/05/11,1新潟4,晴,12,4歳以上1勝クラス,16,4,8,9.9,5,4,01117,丸田恭介,56,芝1200,,1:10.7,0.4,7-8,35.0-35.3,35.0,462(-16),牝5歳,リオンディーズ2013 黒鹿毛[血統][産駒]Mr. Prospector系,Kingmambo(米)1990 鹿毛[血統][産駒]
2021104137,ミエノブラボー,2025/03/01,1小倉11,曇,12,4歳以上1勝クラス,18,3,6,3.8,1,2,01203,石田拓郎,53,芝1200,良,1:09.2,0.1,12-12,33.4-35.7,34.8,478(-8),牝5歳,リオンディーズ2013 黒鹿毛[血統][産駒]Mr. Prospector系,Kingmambo(米)1990 鹿毛[血統][産駒]
2021104137,ミエノブラボー,2025/02/23,1小倉10,曇,12,4歳以上1勝クラス,18,8,16,10.2,4,2,01203,石田拓郎,53,芝1200,良,1:08.5,0.3,4-3,33.7-34.5,34.4,486(+6),牝5歳,リオンディーズ2013 黒鹿毛[血統][産駒]Mr. Prospector系,Kingmambo(米)1990 鹿毛[血統][産駒]
2021104137,ミエノブラボー,2025/02/02,1小倉4,曇,12,4歳以上1勝クラス,18,6,12,67.7,16,4,01203,石田拓郎,53,芝1200,,1:10.2,0.3,14-16,34.1-35.8,34.9,480(+6),牝5歳,リオンディーズ2013 黒鹿毛[血統][産駒]Mr. Prospector系,Kingmambo(米)1990 鹿毛[血統][産駒]
2021104137,ミエノブラボー,2024/11/09,3福島3,晴,6,3歳以上1勝クラス,16,3,6,10.4,7,8,01203,石田拓郎,52,芝1200,良,1:10.7,0.9,14-12,33.8-36.0,35.0,474(0),牝5歳,リオンディーズ2013 黒鹿毛[血統][産駒]Mr. Prospector系,Kingmambo(米)1990 鹿毛[血統][産駒]
2021104137,ミエノブラボー,2024/10/19,4東京5,晴,7,3歳以上1勝クラス,13,3,3,24.3,9,9,01117,丸田恭介,54,ダ1600,良,1:40.4,2.1,8-7,35.6-37.1,38.3,474(+2),牝5歳,リオンディーズ2013 黒鹿毛[血統][産駒]Mr. Prospector系,Kingmambo(米)1990 鹿毛[血統][産駒]
2021104137,ミエノブラボー,2024/09/22,4中山7,曇,7,3歳以上1勝クラス,16,6,12,31.9,9,13,01179,菅原明良,54,芝1600,良,1:33.6,1.0,6-10-9,34.5-35.1,35.1,472(+6),牝5歳,リオンディーズ2013 黒鹿毛[血統][産駒]Mr. Prospector系,Kingmambo(米)1990 鹿毛[血統][産駒]
2021104137,ミエノブラボー,2024/06/08,3東京3,晴,7,3歳以上1勝クラス,13,8,13,22.0,5,7,01179,菅原明良,53,芝1600,良,1:34.0,0.6,6-7,36.0-34.2,33.9,466(+2),牝5歳,リオンディーズ2013 黒鹿毛[血統][産駒]Mr. Prospector系,Kingmambo(米)1990 鹿毛[血統][産駒]
2021104137,ミエノブラボー,2024/05/18,2東京9,晴,9,カーネーションC(1勝クラス),11,1,1,23.1,7,7,01122,三浦皇成,55,芝1800,良,1:47.6,0.8,4-4-3,36.1-34.5,35.1,464(-4),牝5歳,リオンディーズ2013 黒鹿毛[血統][産駒]Mr. Prospector系,Kingmambo(米)1990 鹿毛[血統][産駒]
2021104137,ミエノブラボー,2024/03/31,3中山4,晴,6,3歳1勝クラス,11,3,3,10.2,6,9,01117,丸田恭介,55,芝1600,良,1:35.0,1.3,6-6-5,35.5-34.9,35.8,468(-6),牝5歳,リオンディーズ2013 黒鹿毛[血統][産駒]Mr. Prospector系,Kingmambo(米)1990 鹿毛[血統][産駒]
2021104137,ミエノブラボー,2024/02/25,2中山2,小雨,9,デイジー賞(1勝クラス),13,8,13,5.1,2,10,01117,丸田恭介,55,芝1800,,1:51.6,1.0,9-8-7-6,37.6-36.2,36.5,474(+4),牝5歳,リオンディーズ2013 黒鹿毛[血統][産駒]Mr. Prospector系,Kingmambo(米)1990 鹿毛[血統][産駒]
2021104137,ミエノブラボー,2023/11/19,5東京6,晴,9,赤松賞(1勝クラス),9,3,3,15.6,6,4,01117,丸田恭介,55,芝1600,良,1:34.1,0.3,9-7,35.7-33.9,33.6,470(+4),牝5歳,リオンディーズ2013 黒鹿毛[血統][産駒]Mr. Prospector系,Kingmambo(米)1990 鹿毛[血統][産駒]
2021104137,ミエノブラボー,2023/10/28,4東京8,晴,11,アルテミスS(GIII),10,6,6,54.6,8,8,01117,丸田恭介,55,芝1600,良,1:34.7,1.1,6-6,35.9-33.6,34.2,466(-2),牝5歳,リオンディーズ2013 黒鹿毛[血統][産駒]Mr. Prospector系,Kingmambo(米)1990 鹿毛[血統][産駒]
2021104137,ミエノブラボー,2023/09/18,4中山5,晴,2,2歳未勝利,16,7,14,12.6,4,1,01117,丸田恭介,55,芝1600,良,1:35.4,-0.2,12-11-11,35.5-35.6,34.7,468(+8),牝5歳,リオンディーズ2013 黒鹿毛[血統][産駒]Mr. Prospector系,Kingmambo(米)1990 鹿毛[血統][産駒]
2021104137,ミエノブラボー,2023/08/20,3新潟4,晴,5,2歳新馬,16,8,15,27.5,8,3,01117,丸田恭介,55,芝1800,良,1:50.2,0.3,10-10,36.5-34.8,34.2,460(0),牝5歳,リオンディーズ2013 黒鹿毛[血統][産駒]Mr. Prospector系,Kingmambo(米)1990 鹿毛[血統][産駒]
2021106178,シュシュトディエス,2026/05/12,盛岡,曇,7,C1,12,8,11,19.5,7,12,05445,山本聡哉,54,ダ1200,良,1:19.1,5.9,9-12,,42.3,477(+11),牝5歳,シルバーステート2013 青鹿毛[血統][産駒]Halo系,サンデーサイレンスSunday Silence(米)1986 青鹿毛[血統][産駒]
2021106178,シュシュトディエス,2026/04/19,水沢,晴,9,B2,12,4,4,1.9,1,12,05490,山本政聡,54,ダ1400,良,1:39.0,7.5,1-2-5-12,,48.4,466(+6),牝5歳,シルバーステート2013 青鹿毛[血統][産駒]Halo系,サンデーサイレンスSunday Silence(米)1986 青鹿毛[血統][産駒]
2021106178,シュシュトディエス,2026/02/28,1小倉11,晴,12,4歳以上1勝クラス,18,7,14,225.4,17,15,01204,河原田菜,52,芝1200,,1:10.9,0.9,11-10,35.0-35.0,35.2,460(-6),牝5歳,シルバーステート2013 青鹿毛[血統][産駒]Halo系,サンデーサイレンスSunday Silence(米)1986 青鹿毛[血統][産駒]
2021106178,シュシュトディエス,2026/01/25,1小倉2,晴,3,4歳以上1勝クラス,14,6,10,318.0,14,13,01177,小林凌大,56,ダ1000,良,1:02.0,3.1,13-14,34.5-35.9,37.5,466(+8),牝5歳,シルバーステート2013 青鹿毛[血統][産駒]Halo系,サンデーサイレンスSunday Silence(米)1986 青鹿毛[血統][産駒]
2021106178,シュシュトディエス,2025/10/25,4新潟3,曇,9,稲光特別(1勝クラス),18,7,13,107.3,12,14,01191,松本大輝,56,芝1000,良,0:56.0,1.0,,33.4-32.3,32.7,458(+6),牝5歳,シルバーステート2013 青鹿毛[血統][産駒]Halo系,サンデーサイレンスSunday Silence(米)1986 青鹿毛[血統][産駒]
2021106178,シュシュトディエス,2025/09/21,4中山7,曇,8,3歳以上1勝クラス,16,7,14,139.1,15,15,01201,水沼元輝,53,芝1200,良,1:09.2,1.4,4-5,33.7-34.1,34.9,452(-6),牝5歳,シルバーステート2013 青鹿毛[血統][産駒]Halo系,サンデーサイレンスSunday Silence(米)1986 青鹿毛[血統][産駒]
2021106178,シュシュトディエス,2025/05/24,2東京9,曇,7,4歳以上1勝クラス,13,7,11,324.1,12,12,01117,丸田恭介,56,芝1600,良,1:35.5,1.0,1-1,35.7-33.9,34.9,458(0),牝5歳,シルバーステート2013 青鹿毛[血統][産駒]Halo系,サンデーサイレンスSunday Silence(米)1986 青鹿毛[血統][産駒]
2021106178,シュシュトディエス,2025/05/18,1新潟6,曇,9,飛竜特別(1勝クラス),16,6,12,135.9,15,10,01169,武藤雅,56,芝1000,良,0:57.1,0.5,,33.6-33.9,33.5,458(+12),牝5歳,シルバーステート2013 青鹿毛[血統][産駒]Halo系,サンデーサイレンスSunday Silence(米)1986 青鹿毛[血統][産駒]
2021106178,シュシュトディエス,2025/02/23,1小倉10,曇,12,4歳以上1勝クラス,18,6,11,152.3,16,13,01191,松本大輝,55,芝1200,良,1:09.3,1.1,8-10,33.7-34.5,34.9,446(-4),牝5歳,シルバーステート2013 青鹿毛[血統][産駒]Halo系,サンデーサイレンスSunday Silence(米)1986 青鹿毛[血統][産駒]
2021106178,シュシュトディエス,2024/11/16,3福島5,晴,8,3歳以上1勝クラス,15,3,6,137.4,14,13,01183,小林脩斗,53,芝1200,良,1:10.7,1.1,7-7,34.6-35.0,35.5,450(+4),牝5歳,シルバーステート2013 青鹿毛[血統][産駒]Halo系,サンデーサイレンスSunday Silence(米)1986 青鹿毛[血統][産駒]
2021106178,シュシュトディエス,2024/08/03,2新潟3,晴,8,3歳以上1勝クラス,15,6,10,15.4,6,14,01185,小沢大仁,53,ダ1200,良,1:17.0,4.3,9-10,34.6-38.1,41.5,446(-2),牝5歳,シルバーステート2013 青鹿毛[血統][産駒]Halo系,サンデーサイレンスSunday Silence(米)1986 青鹿毛[血統][産駒]
2021106178,シュシュトディエス,2023/12/09,5中山3,晴,9,黒松賞(1勝クラス),11,1,1,33.2,7,8,01140,横山和生,55,芝1200,良,1:09.4,0.9,10-9,34.0-34.5,34.2,448(-2),牝5歳,シルバーステート2013 青鹿毛[血統][産駒]Halo系,サンデーサイレンスSunday Silence(米)1986 青鹿毛[血統][産駒]
2021106178,シュシュトディエス,2023/11/19,5東京6,晴,9,赤松賞(1勝クラス),9,2,2,59.8,8,7,05203,岩田康誠,55,芝1600,良,1:35.1,1.3,7-7,35.7-33.9,34.7,450(+8),牝5歳,シルバーステート2013 青鹿毛[血統][産駒]Halo系,サンデーサイレンスSunday Silence(米)1986 青鹿毛[血統][産駒]
2021106178,シュシュトディエス,2023/10/28,4東京8,晴,11,アルテミスS(GIII),10,5,5,91.3,10,9,01122,三浦皇成,55,芝1600,良,1:35.5,1.9,2-2,35.9-33.6,35.4,442(-2),牝5歳,シルバーステート2013 青鹿毛[血統][産駒]Halo系,サンデーサイレンスSunday Silence(米)1986 青鹿毛[血統][産駒]
2021106178,シュシュトディエス,2023/09/17,4中山4,晴,5,2歳新馬,16,6,11,4.8,1,1,01122,三浦皇成,55,芝1600,良,1:38.4,-0.3,4-2-2,37.8-34.4,34.4,444(0),牝5歳,シルバーステート2013 青鹿毛[血統][産駒]Halo系,サンデーサイレンスSunday Silence(米)1986 青鹿毛[血統][産駒]
2021107253,ニシノコマチムスメ,2026/04/25,1福島5,晴,12,4歳以上1勝クラス,16,1,2,22.4,9,10,01185,小沢大仁,56,芝1800,良,1:48.0,1.1,7-6-6-8,35.1-36.5,36.9,438(-10),牝5歳,ルーラーシップ2007 鹿毛[血統][産駒]Mr. Prospector系,Kingmambo(米)1990 鹿毛[血統][産駒]
2021107253,ニシノコマチムスメ,2026/02/21,1小倉9,晴,8,4歳以上1勝クラス,16,4,8,13.0,6,10,01161,菊沢一樹,56,芝1800,良,1:47.9,0.9,15-15-12-14,35.8-36.2,35.7,448(0),牝5歳,ルーラーシップ2007 鹿毛[血統][産駒]Mr. Prospector系,Kingmambo(米)1990 鹿毛[血統][産駒]
2021107253,ニシノコマチムスメ,2026/02/07,1小倉5,曇,7,4歳以上1勝クラス,18,4,7,38.6,12,6,01161,菊沢一樹,56,芝2000,,2:01.7,0.4,12-12-11-10,36.6-36.4,36.0,448(+2),牝5歳,ルーラーシップ2007 鹿毛[血統][産駒]Mr. Prospector系,Kingmambo(米)1990 鹿毛[血統][産駒]
2021107253,ニシノコマチムスメ,2026/01/25,1小倉2,晴,8,4歳以上1勝クラス,16,7,13,127.8,14,4,01161,菊沢一樹,56,芝1800,良,1:46.6,0.3,14-13-11-5,33.9-36.5,36.2,446(+4),牝5歳,ルーラーシップ2007 鹿毛[血統][産駒]Mr. Prospector系,Kingmambo(米)1990 鹿毛[血統][産駒]
2021107253,ニシノコマチムスメ,2025/12/14,5中京4,曇,6,3歳以上1勝クラス,18,7,14,158.6,14,10,01214,長浜鴻緒,54,芝2000,,2:02.3,1.1,3-3-3-3,36.8-34.9,35.8,442(+4),牝5歳,ルーラーシップ2007 鹿毛[血統][産駒]Mr. Prospector系,Kingmambo(米)1990 鹿毛[血統][産駒]
2021107253,ニシノコマチムスメ,2025/11/08,3福島1,晴,6,3歳以上1勝クラス,16,7,14,44.4,8,10,01193,今村聖奈,54,芝1800,良,1:47.1,1.1,13-13-13-12,34.9-35.6,35.4,438(-2),牝5歳,ルーラーシップ2007 鹿毛[血統][産駒]Mr. Prospector系,Kingmambo(米)1990 鹿毛[血統][産駒]
2021107253,ニシノコマチムスメ,2025/09/06,4中山1,晴,9,古作特別(1勝クラス),11,3,3,270.4,11,6,01135,杉原誠人,56,芝1800,良,1:47.9,0.5,7-7-8-8,36.4-33.9,33.3,440(+2),牝5歳,ルーラーシップ2007 鹿毛[血統][産駒]Mr. Prospector系,Kingmambo(米)1990 鹿毛[血統][産駒]
2021107253,ニシノコマチムスメ,2025/08/16,2新潟7,晴,6,中郷特別(1勝クラス),11,8,12,176.4,11,10,01193,今村聖奈,56,芝1800,良,1:47.3,2.5,10-10,34.8-33.5,34.5,438(+6),牝5歳,ルーラーシップ2007 鹿毛[血統][産駒]Mr. Prospector系,Kingmambo(米)1990 鹿毛[血統][産駒]
2021107253,ニシノコマチムスメ,2025/07/13,2福島6,晴,9,織姫賞(1勝クラス),13,4,4,63.9,10,9,01096,大野拓弥,56,芝1800,良,1:49.9,1.2,10-10-9-8,35.6-36.1,36.3,432(-6),牝5歳,ルーラーシップ2007 鹿毛[血統][産駒]Mr. Prospector系,Kingmambo(米)1990 鹿毛[血統][産駒]
2021107253,ニシノコマチムスメ,2025/05/18,1新潟6,曇,7,4歳以上1勝クラス,13,5,6,7.8,4,8,01193,今村聖奈,54,芝1800,良,1:49.8,0.9,10-10,37.0-35.2,35.5,438(0),牝5歳,ルーラーシップ2007 鹿毛[血統][産駒]Mr. Prospector系,Kingmambo(米)1990 鹿毛[血統][産駒]
2021107253,ニシノコマチムスメ,2025/04/27,1福島6,晴,8,4歳以上1勝クラス,16,4,7,21.4,9,4,01193,今村聖奈,53,芝1800,良,1:47.8,0.1,16-14-14-13,33.8-36.7,35.3,438(0),牝5歳,ルーラーシップ2007 鹿毛[血統][産駒]Mr. Prospector系,Kingmambo(米)1990 鹿毛[血統][産駒]
2021107253,ニシノコマチムスメ,2025/03/01,1小倉11,曇,8,4歳以上1勝クラス,15,6,11,52.6,9,8,01109,黛弘人,56,芝1800,良,1:49.9,1.0,6-5-6-5,35.9-36.7,37.3,438(-2),牝5歳,ルーラーシップ2007 鹿毛[血統][産駒]Mr. Prospector系,Kingmambo(米)1990 鹿毛[血統][産駒]
2021107253,ニシノコマチムスメ,2025/02/16,1小倉8,曇,6,4歳以上1勝クラス,16,8,16,79.1,12,5,01109,黛弘人,55,芝1800,良,1:48.0,0.8,9-9-9-8,35.0-36.2,80.0,440(+4),牝5歳,ルーラーシップ2007 鹿毛[血統][産駒]Mr. Prospector系,Kingmambo(米)1990 鹿毛[血統][産駒]
2021107253,ニシノコマチムスメ,2025/01/25,1小倉1,晴,12,4歳以上1勝クラス,16,5,10,298.1,14,9,01135,杉原誠人,55,芝1800,良,1:48.4,0.9,12-12-12-12,36.9-35.3,34.4,436(+12),牝5歳,ルーラーシップ2007 鹿毛[血統][産駒]Mr. Prospector系,Kingmambo(米)1990 鹿毛[血統][産駒]
2021107253,ニシノコマチムスメ,2024/11/16,5東京5,曇,12,3歳以上1勝クラス,18,7,13,254.6,16,17,01092,津村明秀,55,芝1600,良,1:35.9,1.8,7-7,35.8-34.2,35.5,424(+2),牝5歳,ルーラーシップ2007 鹿毛[血統][産駒]Mr. Prospector系,Kingmambo(米)1990 鹿毛[血統][産駒]
2021107253,ニシノコマチムスメ,2024/10/14,4東京4,晴,8,3歳以上1勝クラス,17,3,6,217.4,12,8,01158,野中悠太,54,芝1600,良,1:33.4,0.7,5-5,34.3-35.2,35.1,422(-6),牝5歳,ルーラーシップ2007 鹿毛[血統][産駒]Mr. Prospector系,Kingmambo(米)1990 鹿毛[血統][産駒]
2021107253,ニシノコマチムスメ,2024/08/31,3新潟7,曇,12,3歳以上1勝クラス,17,3,5,128.2,13,7,01158,野中悠太,53,芝1600,,1:35.0,1.0,7-8,35.2-34.6,34.5,428(+2),牝5歳,ルーラーシップ2007 鹿毛[血統][産駒]Mr. Prospector系,Kingmambo(米)1990 鹿毛[血統][産駒]
2021107253,ニシノコマチムスメ,2024/08/17,3新潟3,晴,12,3歳以上1勝クラス,18,8,18,81.3,11,18,01135,杉原誠人,53,芝1800,良,1:47.6,2.2,10-11,35.4-34.4,35.6,426(+4),牝5歳,ルーラーシップ2007 鹿毛[血統][産駒]Mr. Prospector系,Kingmambo(米)1990 鹿毛[血統][産駒]
2021107253,ニシノコマチムスメ,2024/07/06,3小倉3,晴,8,3歳以上1勝クラス,16,5,9,8.9,4,12,00732,幸英明,53,芝1800,良,1:48.3,2.3,3-4-3-3,34.2-36.2,38.3,422(0),牝5歳,ルーラーシップ2007 鹿毛[血統][産駒]Mr. Prospector系,Kingmambo(米)1990 鹿毛[血統][産駒]
2021107253,ニシノコマチムスメ,2024/03/23,2阪神1,小雨,9,君子蘭賞(1勝クラス),7,4,4,14.1,6,4,00732,幸英明,55,芝1800,重,1:49.1,0.8,1-1,36.1-35.2,36.0,422(-6),牝5歳,ルーラーシップ2007 鹿毛[血統][産駒]Mr. Prospector系,Kingmambo(米)1990 鹿毛[血統][産駒]
2021107253,ニシノコマチムスメ,2024/02/03,2京都3,曇,10,エルフィンS(L),11,7,9,150.9,9,7,00732,幸英明,55,芝1600,良,1:35.6,0.5,11-11,36.4-34.5,33.7,428(-2),牝5歳,ルーラーシップ2007 鹿毛[血統][産駒]Mr. Prospector系,Kingmambo(米)1990 鹿毛[血統][産駒]
2021107253,ニシノコマチムスメ,2023/10/28,4東京8,晴,11,アルテミスS(GIII),10,3,3,76.1,9,10,00732,幸英明,55,芝1600,良,1:35.6,2.0,3-3,35.9-33.6,35.3,430(+2),牝5歳,ルーラーシップ2007 鹿毛[血統][産駒]Mr. Prospector系,Kingmambo(米)1990 鹿毛[血統][産駒]
2021107253,ニシノコマチムスメ,2023/08/05,2新潟3,晴,6,2歳新馬,13,5,7,5.7,2,1,00732,幸英明,55,芝1600,良,1:36.7,-0.1,3-3,36.6-33.7,33.5,428(0),牝5歳,ルーラーシップ2007 鹿毛[血統][産駒]Mr. Prospector系,Kingmambo(米)1990 鹿毛[血統][産駒]
2019105283,ドウデュース,2024/12/22,5中山8,晴,11,有馬記念(GI),15,1,2,,,取,00666,武豊,58,芝2500,良,,,,31.4-35.2,,,未知,ハーツクライ2001 鹿毛[血統][産駒]Halo系,Halo1969 黒鹿毛[血統][産駒]
2019105283,ドウデュース,2024/11/24,5東京8,晴,12,ジャパンC(GI),14,3,3,2.3,1,1,00666,武豊,58,芝2400,良,2:25.5,0.0,13-12-12-7,37.1-33.4,32.7,510(+6),未知,ハーツクライ2001 鹿毛[血統][産駒]Halo系,Halo1969 黒鹿毛[血統][産駒]
2019105283,ドウデュース,2024/10/27,4東京8,曇,11,天皇賞(秋)(GI),15,4,7,3.8,2,1,00666,武豊,58,芝2000,良,1:57.3,-0.2,14-14-13,35.9-33.7,32.5,504(-4),未知,ハーツクライ2001 鹿毛[血統][産駒]Halo系,Halo1969 黒鹿毛[血統][産駒]
2019105283,ドウデュース,2024/06/23,4京都8,曇,11,宝塚記念(GI),13,4,4,2.3,1,6,00666,武豊,58,芝2200,重,2:12.9,0.9,11-11-13-11,35.6-34.5,34.6,508(0),未知,ハーツクライ2001 鹿毛[血統][産駒]Halo系,Halo1969 黒鹿毛[血統][産駒]
2019105283,ドウデュース,2024/03/30,メイダン,,,ドバイターフ(GI),16,,5,2.1,1,5,00666,武豊,57,芝1800,良,,,,,,,未知,ハーツクライ2001 鹿毛[血統][産駒]Halo系,Halo1969 黒鹿毛[血統][産駒]
2019105283,ドウデュース,2023/12/24,5中山8,晴,11,有馬記念(GI),16,3,5,5.2,2,1,00666,武豊,58,芝2500,良,2:30.9,-0.1,13-13-8-3,30.2-35.9,34.3,506(+2),未知,ハーツクライ2001 鹿毛[血統][産駒]Halo系,Halo1969 黒鹿毛[血統][産駒]
2019105283,ドウデュース,2023/11/26,5東京8,曇,12,ジャパンC(GI),18,3,5,13.2,3,4,05386,戸崎圭太,58,芝2400,良,2:22.7,0.9,6-6-6-6,35.5-36.5,33.7,504(-8),未知,ハーツクライ2001 鹿毛[血統][産駒]Halo系,Halo1969 黒鹿毛[血統][産駒]
2019105283,ドウデュース,2023/10/29,4東京9,晴,11,天皇賞(秋)(GI),11,3,3,4.3,2,7,05386,戸崎圭太,58,芝2000,良,1:56.6,1.4,4-4-4,34.9-34.7,35.3,512(+4),未知,ハーツクライ2001 鹿毛[血統][産駒]Halo系,Halo1969 黒鹿毛[血統][産駒]
2019105283,ドウデュース,2023/03/25,メイダン,晴,,ドバイターフ(GI),14,,3,,,取,00666,武豊,57,芝1800,良,,,,,,,未知,ハーツクライ2001 鹿毛[血統][産駒]Halo系,Halo1969 黒鹿毛[血統][産駒]
2019105283,ドウデュース,2023/02/12,1阪神2,晴,11,京都記念(GII),13,8,12,2.5,1,1,00666,武豊,58,芝2200,良,2:10.9,-0.6,11-11-8-6,34.6-34.5,34.0,508(0),未知,ハーツクライ2001 鹿毛[血統][産駒]Halo系,Halo1969 黒鹿毛[血統][産駒]
2019105283,ドウデュース,2022/10/02,パリロンシャン,,,凱旋門賞(GI),20,,19,7.5,3,19,00666,武豊,56.5,芝2400,重,,,,,56.5,,未知,ハーツクライ2001 鹿毛[血統][産駒]Halo系,Halo1969 黒鹿毛[血統][産駒]
2019105283,ドウデュース,2022/09/11,パリロンシャン,,,ニエル賞(GII),7,,5,,2,4,00666,武豊,58,芝2400,重,,,,,,,未知,ハーツクライ2001 鹿毛[血統][産駒]Halo系,Halo1969 黒鹿毛[血統][産駒]
2019105283,ドウデュース,2022/05/29,2東京12,晴,11,東京優駿(GI),18,7,13,4.2,3,1,00666,武豊,57,芝2400,良,2:21.9,0.0,13-14-14-14,35.1-35.2,33.7,490(-6),未知,ハーツクライ2001 鹿毛[血統][産駒]Halo系,Halo1969 黒鹿毛[血統][産駒]
2019105283,ドウデュース,2022/04/17,3中山8,曇,11,皐月賞(GI),18,6,12,3.9,1,3,00666,武豊,57,芝2000,良,2:00.0,0.3,15-15-16-14,35.2-34.9,33.8,496(-8),未知,ハーツクライ2001 鹿毛[血統][産駒]Halo系,Halo1969 黒鹿毛[血統][産駒]
2019105283,ドウデュース,2022/03/06,2中山4,曇,11,報知弥生ディープ記念(GII),11,6,7,2.2,1,2,00666,武豊,56,芝2000,良,2:00.5,0.0,5-4-4-5,36.2-35.2,35.0,504(+8),未知,ハーツクライ2001 鹿毛[血統][産駒]Halo系,Halo1969 黒鹿毛[血統][産駒]
2019105283,ドウデュース,2021/12/19,6阪神6,晴,11,朝日フューチュリティ(GI),15,5,9,7.8,3,1,00666,武豊,55,芝1600,良,1:33.5,-0.1,8-7,34.3-35.2,34.5,496(-10),未知,ハーツクライ2001 鹿毛[血統][産駒]Halo系,Halo1969 黒鹿毛[血統][産駒]
2019105283,ドウデュース,2021/10/23,4東京5,晴,9,アイビーS(L),8,4,4,3.8,2,1,00666,武豊,55,芝1800,良,1:49.3,0.0,2-4-3,35.9-34.5,34.0,506(+12),未知,ハーツクライ2001 鹿毛[血統][産駒]Halo系,Halo1969 黒鹿毛[血統][産駒]
2019105283,ドウデュース,2021/09/05,4小倉8,曇,5,2歳新馬,13,8,13,1.7,1,1,00666,武豊,54,芝1800,良,1:50.2,-0.1,6-4-3-2,38.7-34.3,34.1,494(0),未知,ハーツクライ2001 鹿毛[血統][産駒]Halo系,Halo1969 黒鹿毛[血統][産駒]
2020103532,タスティエーラ,2025/12/28,5中山8,晴,11,有馬記念(GI),16,8,16,35.4,8,6,01126,松山弘平,58,芝2500,良,2:32.0,0.5,5-5-4-3,29.7-35.6,35.7,502(0),未知,サトノクラウン2012 黒鹿毛[血統][産駒]Northern Dancer系,ラストタイクーンLast Tycoon(愛)1983 黒鹿毛[血統][産駒]
2020103532,タスティエーラ,2025/11/30,5東京8,晴,12,ジャパンC(GI),17,8,18,17.4,6,7,05585,レーン,58,芝2400,良,2:21.1,0.8,6-6-7-6,34.5-34.6,34.4,502(-6),未知,サトノクラウン2012 黒鹿毛[血統][産駒]Northern Dancer系,ラストタイクーンLast Tycoon(愛)1983 黒鹿毛[血統][産駒]
2020103532,タスティエーラ,2025/11/02,4東京11,曇,11,天皇賞(秋)(GI),14,4,5,6.6,2,8,05585,レーン,58,芝2000,良,1:59.0,0.4,4-5-5,37.1-32.9,33.0,508(+10),未知,サトノクラウン2012 黒鹿毛[血統][産駒]Northern Dancer系,ラストタイクーンLast Tycoon(愛)1983 黒鹿毛[血統][産駒]
2020103532,タスティエーラ,2025/04/27,シャティン,,,QE2世C(GI),11,,3,3.9,2,1,05585,レーン,57,芝2000,良,,,,,,,未知,サトノクラウン2012 黒鹿毛[血統][産駒]Northern Dancer系,ラストタイクーンLast Tycoon(愛)1983 黒鹿毛[血統][産駒]
2020103532,タスティエーラ,2024/12/08,シャティン,,,香港C(GI),11,,4,8.2,3,3,05585,レーン,57,芝2000,良,,,,,,495,未知,サトノクラウン2012 黒鹿毛[血統][産駒]Northern Dancer系,ラストタイクーンLast Tycoon(愛)1983 黒鹿毛[血統][産駒]
2020103532,タスティエーラ,2024/10/27,4東京8,曇,11,天皇賞(秋)(GI),15,3,4,53.8,9,2,01126,松山弘平,58,芝2000,良,1:57.5,0.2,3-3-5,35.9-33.7,33.4,506(+18),未知,サトノクラウン2012 黒鹿毛[血統][産駒]Northern Dancer系,ラストタイクーンLast Tycoon(愛)1983 黒鹿毛[血統][産駒]
2020103532,タスティエーラ,2024/04/28,3京都4,晴,11,天皇賞(春)(GI),17,4,7,7.9,4,7,05509,モレイラ,58,芝3200,良,3:15.0,0.8,9-9-8-7,36.6-35.3,35.4,488(-6),未知,サトノクラウン2012 黒鹿毛[血統][産駒]Northern Dancer系,ラストタイクーンLast Tycoon(愛)1983 黒鹿毛[血統][産駒]
2020103532,タスティエーラ,2024/03/31,2阪神4,晴,11,大阪杯(GI),16,2,3,4.4,1,11,01126,松山弘平,58,芝2000,良,1:58.9,0.7,4-3-4-4,35.8-35.0,35.4,494(-4),未知,サトノクラウン2012 黒鹿毛[血統][産駒]Northern Dancer系,ラストタイクーンLast Tycoon(愛)1983 黒鹿毛[血統][産駒]
2020103532,タスティエーラ,2023/12/24,5中山8,晴,11,有馬記念(GI),16,7,13,7.1,5,6,05366,ムーア,56,芝2500,良,2:31.5,0.6,9-9-8-9,30.2-35.9,34.9,498(+18),未知,サトノクラウン2012 黒鹿毛[血統][産駒]Northern Dancer系,ラストタイクーンLast Tycoon(愛)1983 黒鹿毛[血統][産駒]
2020103532,タスティエーラ,2023/10/22,2京都7,晴,11,菊花賞(GI),17,4,7,4.7,2,2,05509,モレイラ,57,芝3000,良,3:03.7,0.6,9-11-9-8,35.5-34.9,34.8,480(+2),未知,サトノクラウン2012 黒鹿毛[血統][産駒]Northern Dancer系,ラストタイクーンLast Tycoon(愛)1983 黒鹿毛[血統][産駒]
2020103532,タスティエーラ,2023/05/28,2東京12,晴,11,東京優駿(GI),18,6,12,8.3,4,1,05585,レーン,57,芝2400,良,2:25.2,0.0,4-4-4-4,35.3-35.3,33.5,478(0),未知,サトノクラウン2012 黒鹿毛[血統][産駒]Northern Dancer系,ラストタイクーンLast Tycoon(愛)1983 黒鹿毛[血統][産駒]
2020103532,タスティエーラ,2023/04/16,3中山8,晴,11,皐月賞(GI),18,7,14,9.0,5,2,01126,松山弘平,57,芝2000,重,2:00.8,0.2,5-6-6-4,35.1-37.2,36.6,478(-6),未知,サトノクラウン2012 黒鹿毛[血統][産駒]Northern Dancer系,ラストタイクーンLast Tycoon(愛)1983 黒鹿毛[血統][産駒]
2020103532,タスティエーラ,2023/03/05,2中山4,曇,11,報知弥生ディープ記念(GII),10,6,6,4.2,3,1,01126,松山弘平,56,芝2000,良,2:00.4,-0.2,3-4-3-2,35.9-35.0,34.7,484(-2),未知,サトノクラウン2012 黒鹿毛[血統][産駒]Northern Dancer系,ラストタイクーンLast Tycoon(愛)1983 黒鹿毛[血統][産駒]
2020103532,タスティエーラ,2023/02/12,1東京6,晴,11,共同通信杯(GIII),12,5,6,3.7,2,4,01014,福永祐一,56,芝1800,良,1:47.2,0.2,3-5-5,35.3-34.1,33.7,486(+2),未知,サトノクラウン2012 黒鹿毛[血統][産駒]Northern Dancer系,ラストタイクーンLast Tycoon(愛)1983 黒鹿毛[血統][産駒]
2020103532,タスティエーラ,2022/11/27,5東京8,晴,6,2歳新馬,16,6,12,1.9,1,1,05366,ムーア,55,芝1800,良,1:47.2,-0.6,2-2-2,36.8-33.5,33.5,484(0),未知,サトノクラウン2012 黒鹿毛[血統][産駒]Northern Dancer系,ラストタイクーンLast Tycoon(愛)1983 黒鹿毛[血統][産駒]
2020103941,ホウオウビスケッツ,2026/04/08,川崎,晴,11,川崎記念(JpnI),11,4,4,10.5,5,11,01174,岩田望来,57,ダ2100,,2:18.7,4.1,3-3-7-8,30.9-38.4,41.9,512(+10),牡6歳,マインドユアビスケッツMind Your Biscuits(米)2013 栗毛[血統][産駒]Deputy Minister系,Silver Deputy1985 鹿毛[血統][産駒]
2020103941,ホウオウビスケッツ,2026/03/15,1中京2,晴,11,東海テレビ杯金鯱賞(GII),14,8,13,7.3,4,12,01174,岩田望来,57,芝2000,良,1:59.1,1.0,2-1-1-1,36.1-35.1,36.1,502(0),牡6歳,マインドユアビスケッツMind Your Biscuits(米)2013 栗毛[血統][産駒]Deputy Minister系,Silver Deputy1985 鹿毛[血統][産駒]
2020103941,ホウオウビスケッツ,2025/11/30,5東京8,晴,12,ジャパンC(GI),17,3,6,166.8,14,16,05203,岩田康誠,58,芝2400,良,2:23.8,3.5,2-2-2-2,34.5-34.6,37.7,502(-2),牡6歳,マインドユアビスケッツMind Your Biscuits(米)2013 栗毛[血統][産駒]Deputy Minister系,Silver Deputy1985 鹿毛[血統][産駒]
2020103941,ホウオウビスケッツ,2025/11/02,4東京11,曇,11,天皇賞(秋)(GI),14,5,8,14.6,7,13,05203,岩田康誠,58,芝2000,良,1:59.2,0.6,2-2-2,37.1-32.9,33.5,504(-4),牡6歳,マインドユアビスケッツMind Your Biscuits(米)2013 栗毛[血統][産駒]Deputy Minister系,Silver Deputy1985 鹿毛[血統][産駒]
2020103941,ホウオウビスケッツ,2025/10/05,4東京2,曇,11,毎日王冠(GII),11,7,8,4.3,2,2,05203,岩田康誠,57,芝1800,良,1:44.1,0.1,1-1-1,34.8-33.7,33.8,508(-6),牡6歳,マインドユアビスケッツMind Your Biscuits(米)2013 栗毛[血統][産駒]Deputy Minister系,Silver Deputy1985 鹿毛[血統][産駒]
2020103941,ホウオウビスケッツ,2025/08/17,1札幌8,曇,11,札幌記念(GII),16,3,5,3.7,1,7,05203,岩田康誠,58,芝2000,,2:02.3,0.8,3-3-3-3,36.1-36.9,37.1,514(+12),牡6歳,マインドユアビスケッツMind Your Biscuits(米)2013 栗毛[血統][産駒]Deputy Minister系,Silver Deputy1985 鹿毛[血統][産駒]
2020103941,ホウオウビスケッツ,2025/04/06,2阪神4,晴,11,大阪杯(GI),15,2,2,9.1,5,5,05203,岩田康誠,58,芝2000,良,1:56.6,0.4,2-2-2-2,34.9-35.1,34.8,502(-2),牡6歳,マインドユアビスケッツMind Your Biscuits(米)2013 栗毛[血統][産駒]Deputy Minister系,Silver Deputy1985 鹿毛[血統][産駒]
2020103941,ホウオウビスケッツ,2025/03/16,2中京2,小雨,11,東海テレビ杯金鯱賞(GII),10,2,2,3.1,1,2,05203,岩田康誠,57,芝2000,重,2:01.3,0.0,2-2-2-2,35.7-38.6,36.8,504(-2),牡6歳,マインドユアビスケッツMind Your Biscuits(米)2013 栗毛[血統][産駒]Deputy Minister系,Silver Deputy1985 鹿毛[血統][産駒]
2020103941,ホウオウビスケッツ,2025/01/05,1中山1,曇,11,日刊スポ賞中山金杯(GIII),18,8,18,4.6,2,9,05625,ドイル,59.5,芝2000,良,1:58.8,0.7,2-2-2-2,34.9-35.7,36.4,506(+4),牡6歳,マインドユアビスケッツMind Your Biscuits(米)2013 栗毛[血統][産駒]Deputy Minister系,Silver Deputy1985 鹿毛[血統][産駒]
2020103941,ホウオウビスケッツ,2024/10/27,4東京8,曇,11,天皇賞(秋)(GI),15,5,9,48.1,8,3,01174,岩田望来,58,芝2000,良,1:57.6,0.3,1-1-1,35.9-33.7,34.0,502(0),牡6歳,マインドユアビスケッツMind Your Biscuits(米)2013 栗毛[血統][産駒]Deputy Minister系,Silver Deputy1985 鹿毛[血統][産駒]
2020103941,ホウオウビスケッツ,2024/10/06,4東京2,曇,11,毎日王冠(GII),14,2,2,7.4,4,2,05203,岩田康誠,57,芝1800,良,1:45.2,0.1,1-1-1,35.3-33.7,33.8,502(-4),牡6歳,マインドユアビスケッツMind Your Biscuits(米)2013 栗毛[血統][産駒]Deputy Minister系,Silver Deputy1985 鹿毛[血統][産駒]
2020103941,ホウオウビスケッツ,2024/07/14,1函館12,晴,11,函館記念(GIII),16,6,12,7.2,3,1,05203,岩田康誠,57.5,芝2000,良,1:59.2,-0.6,2-2-2-2,35.4-35.7,35.3,506(-4),牡6歳,マインドユアビスケッツMind Your Biscuits(米)2013 栗毛[血統][産駒]Deputy Minister系,Silver Deputy1985 鹿毛[血統][産駒]
2020103941,ホウオウビスケッツ,2024/06/30,1函館8,曇,11,巴賞(OP),16,5,9,4.0,2,1,05203,岩田康誠,57,芝1800,良,1:46.8,-0.3,1-1-1-1,35.4-35.1,35.1,510(-6),牡6歳,マインドユアビスケッツMind Your Biscuits(米)2013 栗毛[血統][産駒]Deputy Minister系,Silver Deputy1985 鹿毛[血統][産駒]
2020103941,ホウオウビスケッツ,2024/03/10,2中山6,晴,10,東風S(L),14,7,11,2.5,1,3,05203,岩田康誠,57,芝1600,良,1:33.7,0.3,2-2-2,34.6-35.8,35.6,516(+6),牡6歳,マインドユアビスケッツMind Your Biscuits(米)2013 栗毛[血統][産駒]Deputy Minister系,Silver Deputy1985 鹿毛[血統][産駒]
2020103941,ホウオウビスケッツ,2024/02/04,1東京4,曇,11,東京新聞杯(GIII),16,4,8,35.3,8,3,05203,岩田康誠,57,芝1600,良,1:32.3,0.2,4-4,34.4-34.3,33.9,510(+6),牡6歳,マインドユアビスケッツMind Your Biscuits(米)2013 栗毛[血統][産駒]Deputy Minister系,Silver Deputy1985 鹿毛[血統][産駒]
2020103941,ホウオウビスケッツ,2023/12/09,4中京3,晴,11,中日新聞杯(GIII),17,4,8,5.0,3,12,01117,丸田恭介,56,芝2000,良,1:59.7,0.9,1-1-2-1,34.7-34.8,35.7,504(+8),牡6歳,マインドユアビスケッツMind Your Biscuits(米)2013 栗毛[血統][産駒]Deputy Minister系,Silver Deputy1985 鹿毛[血統][産駒]
2020103941,ホウオウビスケッツ,2023/05/28,2東京12,晴,11,東京優駿(GI),18,2,3,287.2,16,6,01117,丸田恭介,57,芝2400,良,2:25.4,0.2,2-2-2-2,35.3-35.3,34.0,496(+2),牡6歳,マインドユアビスケッツMind Your Biscuits(米)2013 栗毛[血統][産駒]Deputy Minister系,Silver Deputy1985 鹿毛[血統][産駒]
2020103941,ホウオウビスケッツ,2023/04/16,3中山8,晴,11,皐月賞(GI),18,5,9,17.7,7,17,01140,横山和生,57,芝2000,重,2:03.7,3.1,5-6-6-4,35.1-37.2,39.6,494(0),牡6歳,マインドユアビスケッツMind Your Biscuits(米)2013 栗毛[血統][産駒]Deputy Minister系,Silver Deputy1985 鹿毛[血統][産駒]
2020103941,ホウオウビスケッツ,2023/03/19,2中山8,晴,11,フジTVスプリングS(GII),16,5,10,5.5,3,2,01140,横山和生,56,芝1800,重,1:49.1,0.2,3-3-2-2,35.4-37.2,36.9,494(-2),牡6歳,マインドユアビスケッツMind Your Biscuits(米)2013 栗毛[血統][産駒]Deputy Minister系,Silver Deputy1985 鹿毛[血統][産駒]
2020103941,ホウオウビスケッツ,2023/02/18,1東京7,晴,9,フリージア賞(1勝クラス),10,6,6,26.5,7,1,01140,横山和生,56,芝2000,良,1:59.3,-0.3,1-1-1,36.5-34.3,34.3,496(+8),牡6歳,マインドユアビスケッツMind Your Biscuits(米)2013 栗毛[血統][産駒]Deputy Minister系,Silver Deputy1985 鹿毛[血統][産駒]
2020103941,ホウオウビスケッツ,2022/12/10,5中山3,晴,5,2歳新馬,15,2,4,13.0,4,1,01140,横山和生,55,芝1600,良,1:34.9,-0.1,1-1-1,35.7-35.3,35.3,488(0),牡6歳,マインドユアビスケッツMind Your Biscuits(米)2013 栗毛[血統][産駒]Deputy Minister系,Silver Deputy1985 鹿毛[血統][産駒]
2019105346,ジャスティンパレス,2025/12/28,5中山8,晴,11,有馬記念(GI),16,2,3,12.7,5,7,01180,団野大成,58,芝2500,良,2:32.1,0.6,15-16-11-12,29.7-35.6,35.2,472(+2),未知,ディープインパクト2002 鹿毛[血統][産駒]Halo系,Halo1969 黒鹿毛[血統][産駒]
2019105346,ジャスティンパレス,2025/11/30,5東京8,晴,12,ジャパンC(GI),17,1,1,12.2,5,5,05473,Ｃ．デム,58,芝2400,良,2:20.9,0.6,11-12-13-13,34.5-34.6,33.5,470(0),未知,ディープインパクト2002 鹿毛[血統][産駒]Halo系,Halo1969 黒鹿毛[血統][産駒]
2019105346,ジャスティンパレス,2025/11/02,4東京11,曇,11,天皇賞(秋)(GI),14,3,3,20.4,8,3,01180,団野大成,58,芝2000,良,1:58.8,0.2,4-6-6,37.1-32.9,32.6,470(0),未知,ディープインパクト2002 鹿毛[血統][産駒]Halo系,Halo1969 黒鹿毛[血統][産駒]
2019105346,ジャスティンパレス,2025/06/15,3阪神4,晴,11,宝塚記念(GI),17,4,7,31.5,10,3,05674,ディー,58,芝2200,,2:11.6,0.5,14-14-15-14,34.8-36.0,35.1,470(-4),未知,ディープインパクト2002 鹿毛[血統][産駒]Halo系,Halo1969 黒鹿毛[血統][産駒]
2019105346,ジャスティンパレス,2025/05/04,2京都4,晴,11,天皇賞(春)(GI),15,7,13,4.9,3,6,01157,鮫島克駿,58,芝3200,良,3:15.1,1.1,12-12-3-3,36.4-35.7,36.6,474(0),未知,ディープインパクト2002 鹿毛[血統][産駒]Halo系,Halo1969 黒鹿毛[血統][産駒]
2019105346,ジャスティンパレス,2025/04/06,2阪神4,晴,11,大阪杯(GI),15,4,6,10.4,6,6,01157,鮫島克駿,58,芝2000,良,1:56.6,0.4,7-7-7-6,34.9-35.1,34.2,474(+6),未知,ディープインパクト2002 鹿毛[血統][産駒]Halo系,Halo1969 黒鹿毛[血統][産駒]
2019105346,ジャスティンパレス,2024/12/22,5中山8,晴,11,有馬記念(GI),15,6,11,10.9,4,5,01163,坂井瑠星,58,芝2500,良,2:32.3,0.5,9-9-11-10,31.4-35.2,35.1,468(0),未知,ディープインパクト2002 鹿毛[血統][産駒]Halo系,Halo1969 黒鹿毛[血統][産駒]
2019105346,ジャスティンパレス,2024/11/24,5東京8,晴,12,ジャパンC(GI),14,3,4,6.2,3,5,05473,Ｃ．デム,58,芝2400,良,2:26.0,0.5,7-7-7-7,37.1-33.4,33.3,468(-2),未知,ディープインパクト2002 鹿毛[血統][産駒]Halo系,Halo1969 黒鹿毛[血統][産駒]
2019105346,ジャスティンパレス,2024/10/27,4東京8,曇,11,天皇賞(秋)(GI),15,6,11,15.0,6,4,01163,坂井瑠星,58,芝2000,良,1:57.6,0.3,12-11-11,35.9-33.7,33.0,470(-2),未知,ディープインパクト2002 鹿毛[血統][産駒]Halo系,Halo1969 黒鹿毛[血統][産駒]
2019105346,ジャスティンパレス,2024/06/23,4京都8,曇,11,宝塚記念(GI),13,2,2,3.7,2,10,05339,ルメール,58,芝2200,重,2:13.6,1.6,7-7-5-5,35.6-34.5,35.9,472(0),未知,ディープインパクト2002 鹿毛[血統][産駒]Halo系,Halo1969 黒鹿毛[血統][産駒]
2019105346,ジャスティンパレス,2024/03/30,メイダン,,,ドバイシーマC(GI),12,,2,7.6,4,4,05509,モレイラ,57,芝2410,良,,,,,,,未知,ディープインパクト2002 鹿毛[血統][産駒]Halo系,Halo1969 黒鹿毛[血統][産駒]
2019105346,ジャスティンパレス,2023/12/24,5中山8,晴,11,有馬記念(GI),16,5,10,3.6,1,4,01170,横山武史,58,芝2500,良,2:31.2,0.3,16-16-12-9,30.2-35.9,34.4,474(+6),未知,ディープインパクト2002 鹿毛[血統][産駒]Halo系,Halo1969 黒鹿毛[血統][産駒]
2019105346,ジャスティンパレス,2023/10/29,4東京9,晴,11,天皇賞(秋)(GI),11,6,6,35.1,6,2,01170,横山武史,58,芝2000,良,1:55.6,0.4,10-10-10,34.9-34.7,33.7,468(-2),未知,ディープインパクト2002 鹿毛[血統][産駒]Halo系,Halo1969 黒鹿毛[血統][産駒]
2019105346,ジャスティンパレス,2023/06/25,3阪神8,曇,11,宝塚記念(GI),17,5,9,8.5,2,3,01157,鮫島克駿,58,芝2200,良,2:11.4,0.2,12-13-11-9,34.0-35.5,35.1,470(-2),未知,ディープインパクト2002 鹿毛[血統][産駒]Halo系,Halo1969 黒鹿毛[血統][産駒]
2019105346,ジャスティンパレス,2023/04/30,1京都4,曇,11,天皇賞(春)(GI),17,1,1,4.3,2,1,05339,ルメール,58,芝3200,,3:16.1,-0.4,8-7-7-4,35.0-35.3,34.9,472(0),未知,ディープインパクト2002 鹿毛[血統][産駒]Halo系,Halo1969 黒鹿毛[血統][産駒]
2019105346,ジャスティンパレス,2023/03/19,1阪神12,晴,11,阪神大賞典(GII),14,3,3,3.1,2,1,05339,ルメール,57,芝3000,良,3:06.1,-0.3,3-3-2-2,38.6-34.4,34.2,472(+16),未知,ディープインパクト2002 鹿毛[血統][産駒]Halo系,Halo1969 黒鹿毛[血統][産駒]
2019105346,ジャスティンパレス,2022/12/25,5中山8,晴,11,有馬記念(GI),16,5,10,18.9,7,7,05626,マーカン,55,芝2500,良,2:33.5,1.1,3-3-4-5,30.0-35.9,36.6,456(+4),未知,ディープインパクト2002 鹿毛[血統][産駒]Halo系,Halo1969 黒鹿毛[血統][産駒]
2019105346,ジャスティンパレス,2022/10/23,4阪神7,晴,11,菊花賞(GI),18,8,17,9.7,4,3,01157,鮫島克駿,57,芝3000,良,3:02.5,0.1,8-6-6-4,34.9-37.0,36.5,452(0),未知,ディープインパクト2002 鹿毛[血統][産駒]Halo系,Halo1969 黒鹿毛[血統][産駒]
2019105346,ジャスティンパレス,2022/09/25,5中京7,晴,11,神戸新聞杯(GII),17,4,7,11.0,5,1,01157,鮫島克駿,56,芝2200,良,2:11.1,-0.6,4-5-4-3,34.7-34.7,34.4,452(+4),未知,ディープインパクト2002 鹿毛[血統][産駒]Halo系,Halo1969 黒鹿毛[血統][産駒]
2019105346,ジャスティンパレス,2022/05/29,2東京12,晴,11,東京優駿(GI),18,5,9,43.1,10,9,05212,Ｍ．デム,57,芝2400,良,2:23.2,1.3,6-8-8-8,35.1-35.2,35.4,448(-10),未知,ディープインパクト2002 鹿毛[血統][産駒]Halo系,Halo1969 黒鹿毛[血統][産駒]
2019105346,ジャスティンパレス,2022/04/17,3中山8,曇,11,皐月賞(GI),18,5,10,20.9,9,9,05212,Ｍ．デム,57,芝2000,良,2:00.5,0.8,17-17-14-12,35.2-34.9,34.5,458(+8),未知,ディープインパクト2002 鹿毛[血統][産駒]Halo系,Halo1969 黒鹿毛[血統][産駒]
2019105346,ジャスティンパレス,2021/12/28,5中山9,晴,11,ホープフルS(GI),15,5,8,8.8,4,2,05473,Ｃ．デム,55,芝2000,良,2:00.8,0.2,5-5-5-5,35.9-36.3,35.7,450(0),未知,ディープインパクト2002 鹿毛[血統][産駒]Halo系,Halo1969 黒鹿毛[血統][産駒]
2019105346,ジャスティンパレス,2021/11/14,5阪神4,晴,9,黄菊賞(1勝クラス),6,1,1,1.9,1,1,05339,ルメール,55,芝2000,良,2:03.3,-0.1,2-2-2-2,38.5-34.7,34.6,450(+6),未知,ディープインパクト2002 鹿毛[血統][産駒]Halo系,Halo1969 黒鹿毛[血統][産駒]
2019105346,ジャスティンパレス,2021/09/12,5中京2,曇,5,2歳新馬,5,4,4,1.5,1,1,05339,ルメール,54,芝2000,良,2:02.3,-0.3,2-2-2-2,38.2-34.4,34.3,444(0),未知,ディープインパクト2002 鹿毛[血統][産駒]Halo系,Halo1969 黒鹿毛[血統][産駒]
2019105546,マテンロウスカイ,2026/04/26,3京都2,曇,11,読売マイラーズC(GII),18,7,15,140.5,14,17,00660,横山典弘,57,芝1600,良,1:32.6,0.9,10-10,34.3-33.4,33.7,488(+4),未知,モーリス2011 鹿毛[血統][産駒]Roberto系,グラスワンダー1995 栗毛[血統][産駒]
2019105546,マテンロウスカイ,2026/03/29,3中山2,晴,11,マーチS(GIII),15,1,2,13.8,9,12,00660,横山典弘,59,ダ1800,,1:52.9,1.7,5-5-7-7,36.3-36.9,38.2,484(+2),未知,モーリス2011 鹿毛[血統][産駒]Roberto系,グラスワンダー1995 栗毛[血統][産駒]
2019105546,マテンロウスカイ,2025/08/09,1札幌5,晴,11,エルムS(GIII),14,4,5,7.5,3,14,00660,横山典弘,58,ダ1700,,1:47.2,3.7,12-11-8-11,30.1-36.9,39.9,482(+2),未知,モーリス2011 鹿毛[血統][産駒]Roberto系,グラスワンダー1995 栗毛[血統][産駒]
2019105546,マテンロウスカイ,2025/03/30,3中山2,晴,11,マーチS(GIII),15,8,14,35.3,9,2,00660,横山典弘,59,ダ1800,,1:51.6,0.1,4-4-1-1,36.1-38.5,38.6,480(-2),未知,モーリス2011 鹿毛[血統][産駒]Roberto系,グラスワンダー1995 栗毛[血統][産駒]
2019105546,マテンロウスカイ,2025/03/02,2中山2,晴,11,中山記念(GII),16,5,9,9.0,4,9,00660,横山典弘,58,芝1800,良,1:45.6,0.8,6-7-8-10,35.6-34.8,34.7,482(-4),未知,モーリス2011 鹿毛[血統][産駒]Roberto系,グラスワンダー1995 栗毛[血統][産駒]
2019105546,マテンロウスカイ,2025/02/09,1東京4,晴,11,東京新聞杯(GIII),16,7,14,39.5,10,5,00660,横山典弘,59,芝1600,良,1:32.9,0.3,3-3,34.6-34.9,34.4,486(+2),未知,モーリス2011 鹿毛[血統][産駒]Roberto系,グラスワンダー1995 栗毛[血統][産駒]
2019105546,マテンロウスカイ,2024/11/17,6京都6,曇,11,マイルチャンピオンS(GI),17,4,7,23.0,9,14,00660,横山典弘,58,芝1600,良,1:33.4,1.4,13-15,33.8-34.5,34.8,484(+8),未知,モーリス2011 鹿毛[血統][産駒]Roberto系,グラスワンダー1995 栗毛[血統][産駒]
2019105546,マテンロウスカイ,2024/10/27,4東京8,曇,11,天皇賞(秋)(GI),15,2,2,121.4,12,5,00660,横山典弘,58,芝2000,良,1:57.6,0.3,5-6-5,35.9-33.7,33.4,476(+2),未知,モーリス2011 鹿毛[血統][産駒]Roberto系,グラスワンダー1995 栗毛[血統][産駒]
2019105546,マテンロウスカイ,2024/10/06,4東京2,曇,11,毎日王冠(GII),14,6,10,26.0,8,8,00660,横山典弘,58,芝1800,良,1:45.6,0.5,7-8-8,35.3-33.7,33.4,474(0),未知,モーリス2011 鹿毛[血統][産駒]Roberto系,グラスワンダー1995 栗毛[血統][産駒]
2019105546,マテンロウスカイ,2024/03/30,メイダン,,,ドバイターフ(GI),16,,9,53.0,9,15,00660,横山典弘,57,芝1800,良,,,,,53.0,,未知,モーリス2011 鹿毛[血統][産駒]Roberto系,グラスワンダー1995 栗毛[血統][産駒]
2019105546,マテンロウスカイ,2024/02/25,2中山2,小雨,11,中山記念(GII),16,4,8,16.1,7,1,00660,横山典弘,57,芝1800,,1:48.1,-0.3,3-3-3-2,35.6-37.6,37.2,484(0),未知,モーリス2011 鹿毛[血統][産駒]Roberto系,グラスワンダー1995 栗毛[血統][産駒]
2019105546,マテンロウスカイ,2024/02/04,1東京4,曇,11,東京新聞杯(GIII),16,6,11,22.9,6,5,00660,横山典弘,57,芝1600,良,1:32.4,0.3,6-7,34.4-34.3,33.7,484(-4),未知,モーリス2011 鹿毛[血統][産駒]Roberto系,グラスワンダー1995 栗毛[血統][産駒]
2019105546,マテンロウスカイ,2023/12/09,5阪神3,曇,11,リゲルS(L),13,5,7,4.5,3,1,00660,横山典弘,57,芝1600,良,1:33.0,-0.1,2-2,35.5-33.4,33.3,488(-2),未知,モーリス2011 鹿毛[血統][産駒]Roberto系,グラスワンダー1995 栗毛[血統][産駒]
2019105546,マテンロウスカイ,2023/10/29,2京都9,晴,11,カシオペアS(L),16,2,4,3.9,1,4,00660,横山典弘,57,芝1800,良,1:44.9,0.2,5-5,34.3-35.4,34.6,490(+8),未知,モーリス2011 鹿毛[血統][産駒]Roberto系,グラスワンダー1995 栗毛[血統][産駒]
2019105546,マテンロウスカイ,2023/09/16,4阪神3,晴,11,ケフェウスS(OP),10,8,10,2.7,1,9,00660,横山典弘,56,芝2000,良,1:58.6,1.4,1-1-1-1,34.4-36.5,37.9,482(+10),未知,モーリス2011 鹿毛[血統][産駒]Roberto系,グラスワンダー1995 栗毛[血統][産駒]
2019105546,マテンロウスカイ,2023/06/11,3東京4,曇,11,エプソムC(GIII),17,1,2,6.2,4,3,00660,横山典弘,57,芝1800,,1:45.7,0.2,2-3-3,34.9-35.2,35.1,472(-6),未知,モーリス2011 鹿毛[血統][産駒]Roberto系,グラスワンダー1995 栗毛[血統][産駒]
2019105546,マテンロウスカイ,2023/05/20,2東京9,曇,11,メイS(OP),18,4,8,7.3,4,2,00660,横山典弘,55,芝1800,良,1:44.7,0.0,1-1-1,35.2-34.4,34.4,478(-2),未知,モーリス2011 鹿毛[血統][産駒]Roberto系,グラスワンダー1995 栗毛[血統][産駒]
2019105546,マテンロウスカイ,2023/03/11,1阪神9,晴,10,難波S(3勝クラス),11,2,2,7.9,3,1,00660,横山典弘,58,芝1800,良,1:44.9,-0.2,1-1,35.6-33.9,33.9,480(-6),未知,モーリス2011 鹿毛[血統][産駒]Roberto系,グラスワンダー1995 栗毛[血統][産駒]
2019105546,マテンロウスカイ,2023/02/11,1阪神1,晴,9,須磨特別(2勝クラス),10,3,3,6.5,3,3,00660,横山典弘,57,芝1800,良,1:46.2,0.3,7-7,36.2-33.6,33.4,486(+4),未知,モーリス2011 鹿毛[血統][産駒]Roberto系,グラスワンダー1995 栗毛[血統][産駒]
2019105546,マテンロウスカイ,2022/09/19,4中山5,曇,11,朝日セントライト記念(GII),13,3,3,29.2,8,13,00660,横山典弘,56,芝2200,,2:14.1,2.3,3-3-3-5,35.4-35.3,37.3,482(+2),未知,モーリス2011 鹿毛[血統][産駒]Roberto系,グラスワンダー1995 栗毛[血統][産駒]
2019105546,マテンロウスカイ,2022/08/21,4小倉4,晴,12,3歳以上1勝クラス,10,1,1,1.6,1,1,00660,横山典弘,54,芝1800,良,1:46.0,-0.4,1-1-1-1,35.8-34.9,34.9,480(-6),未知,モーリス2011 鹿毛[血統][産駒]Roberto系,グラスワンダー1995 栗毛[血統][産駒]
2019105546,マテンロウスカイ,2022/07/09,3小倉3,晴,9,マカオJCT(1勝クラス),10,8,10,2.1,1,2,00660,横山典弘,54,芝1800,良,1:46.3,0.2,2-2-2-2,36.2-34.6,34.7,486(+6),未知,モーリス2011 鹿毛[血統][産駒]Roberto系,グラスワンダー1995 栗毛[血統][産駒]
2019105546,マテンロウスカイ,2022/06/05,4中京2,曇,12,3歳以上1勝クラス,10,7,8,1.5,1,2,00660,横山典弘,54,芝1600,良,1:34.8,0.0,10-8-7,37.1-33.5,33.1,480(-2),未知,モーリス2011 鹿毛[血統][産駒]Roberto系,グラスワンダー1995 栗毛[血統][産駒]
2019105546,マテンロウスカイ,2022/05/14,3中京3,晴,9,あずさ賞(1勝クラス),9,2,2,3.2,2,3,00660,横山典弘,56,芝2000,重,1:59.9,0.3,4-4-5-4,36.5-34.4,34.3,482(0),未知,モーリス2011 鹿毛[血統][産駒]Roberto系,グラスワンダー1995 栗毛[血統][産駒]
2019105546,マテンロウスカイ,2022/01/05,1中京1,晴,6,3歳1勝クラス,10,5,5,5.0,2,2,00660,横山典弘,56,芝2000,良,2:00.1,0.0,7-7-7-5,35.7-36.8,36.0,482(+8),未知,モーリス2011 鹿毛[血統][産駒]Roberto系,グラスワンダー1995 栗毛[血統][産駒]
2019105546,マテンロウスカイ,2021/09/25,5中京6,曇,9,野路菊S(OP),8,8,8,2.1,1,3,00660,横山典弘,54,芝2000,良,2:00.5,0.7,5-5-6-5,36.6-35.0,35.2,474(-10),未知,モーリス2011 鹿毛[血統][産駒]Roberto系,グラスワンダー1995 栗毛[血統][産駒]
2019105546,マテンロウスカイ,2021/08/29,4小倉6,晴,5,2歳新馬,14,2,2,7.1,4,1,01019,秋山真一,54,芝2000,良,2:00.9,-0.8,6-7-7-4,35.2-35.5,35.0,484(0),未知,モーリス2011 鹿毛[血統][産駒]Roberto系,グラスワンダー1995 栗毛[血統][産駒]
2020102781,ベラジオオペラ,2025/12/14,シャティン,,8,香港C(GI),7,,2,5.3,2,2,01140,横山和生,57,芝2000,良,,,,,,505,未知,ロードカナロア2008 鹿毛[血統][産駒]Mr. Prospector系,Kingmambo(米)1990 鹿毛[血統][産駒]
2020102781,ベラジオオペラ,2025/06/15,3阪神4,晴,11,宝塚記念(GI),17,1,1,4.0,1,2,01140,横山和生,58,芝2200,,2:11.6,0.5,4-4-2-2,34.8-36.0,36.4,510(+2),未知,ロードカナロア2008 鹿毛[血統][産駒]Mr. Prospector系,Kingmambo(米)1990 鹿毛[血統][産駒]
2020102781,ベラジオオペラ,2025/04/06,2阪神4,晴,11,大阪杯(GI),15,3,5,5.1,2,1,01140,横山和生,58,芝2000,良,1:56.2,-0.2,4-4-3-3,34.9-35.1,34.1,508(-4),未知,ロードカナロア2008 鹿毛[血統][産駒]Mr. Prospector系,Kingmambo(米)1990 鹿毛[血統][産駒]
2020102781,ベラジオオペラ,2024/12/22,5中山8,晴,11,有馬記念(GI),15,3,5,7.1,3,4,01140,横山和生,58,芝2500,良,2:32.1,0.3,2-2-2-2,31.4-35.2,35.5,512(-2),未知,ロードカナロア2008 鹿毛[血統][産駒]Mr. Prospector系,Kingmambo(米)1990 鹿毛[血統][産駒]
2020102781,ベラジオオペラ,2024/10/27,4東京8,曇,11,天皇賞(秋)(GI),15,1,1,13.3,4,6,01140,横山和生,58,芝2000,良,1:57.7,0.4,3-3-3,35.9-33.7,33.7,514(-4),未知,ロードカナロア2008 鹿毛[血統][産駒]Mr. Prospector系,Kingmambo(米)1990 鹿毛[血統][産駒]
2020102781,ベラジオオペラ,2024/06/23,4京都8,曇,11,宝塚記念(GI),13,3,3,11.6,5,3,01140,横山和生,58,芝2200,重,2:12.4,0.4,3-4-3-2,35.6-34.5,34.8,518(+12),未知,ロードカナロア2008 鹿毛[血統][産駒]Mr. Prospector系,Kingmambo(米)1990 鹿毛[血統][産駒]
2020102781,ベラジオオペラ,2024/03/31,2阪神4,晴,11,大阪杯(GI),16,6,11,5.5,2,1,01140,横山和生,58,芝2000,良,1:58.2,0.0,2-2-2-2,35.8-35.0,34.9,506(0),未知,ロードカナロア2008 鹿毛[血統][産駒]Mr. Prospector系,Kingmambo(米)1990 鹿毛[血統][産駒]
2020102781,ベラジオオペラ,2024/02/11,2京都6,曇,11,京都記念(GII),12,5,5,2.2,1,2,01140,横山和生,57,芝2200,良,2:12.2,0.1,6-6-7-8,35.3-35.7,34.6,506(-8),未知,ロードカナロア2008 鹿毛[血統][産駒]Mr. Prospector系,Kingmambo(米)1990 鹿毛[血統][産駒]
2020102781,ベラジオオペラ,2023/12/02,5阪神1,晴,11,チャレンジC(GIII),13,4,5,5.5,3,1,01140,横山和生,57,芝2000,良,1:58.8,0.0,4-6-5-5,36.3-35.1,34.7,514(+20),未知,ロードカナロア2008 鹿毛[血統][産駒]Mr. Prospector系,Kingmambo(米)1990 鹿毛[血統][産駒]
2020102781,ベラジオオペラ,2023/05/28,2東京12,晴,11,東京優駿(GI),18,1,1,54.9,9,4,01140,横山和生,57,芝2400,良,2:25.2,0.0,8-8-11-11,35.3-35.3,33.0,494(-2),未知,ロードカナロア2008 鹿毛[血統][産駒]Mr. Prospector系,Kingmambo(米)1990 鹿毛[血統][産駒]
2020102781,ベラジオオペラ,2023/04/16,3中山8,晴,11,皐月賞(GI),18,7,15,6.3,3,10,01075,田辺裕信,57,芝2000,重,2:02.4,1.8,2-2-3-4,35.1-37.2,38.7,496(-4),未知,ロードカナロア2008 鹿毛[血統][産駒]Mr. Prospector系,Kingmambo(米)1990 鹿毛[血統][産駒]
2020102781,ベラジオオペラ,2023/03/19,2中山8,晴,11,フジTVスプリングS(GII),16,2,4,3.7,2,1,01170,横山武史,56,芝1800,重,1:48.9,-0.2,7-7-7-5,35.4-37.2,35.7,500(-4),未知,ロードカナロア2008 鹿毛[血統][産駒]Mr. Prospector系,Kingmambo(米)1990 鹿毛[血統][産駒]
2020102781,ベラジオオペラ,2023/01/29,1東京2,晴,9,セントポーリア賞(1勝クラス),8,4,4,2.9,1,1,01170,横山武史,56,芝1800,良,1:48.0,-0.2,1-2-2,35.9-34.0,33.9,504(-2),未知,ロードカナロア2008 鹿毛[血統][産駒]Mr. Prospector系,Kingmambo(米)1990 鹿毛[血統][産駒]
2020102781,ベラジオオペラ,2022/11/20,5阪神6,曇,5,2歳新馬,9,3,3,6.2,3,1,05585,レーン,55,芝1800,,1:48.0,0.0,2-2,36.9-33.7,33.6,506(0),未知,ロードカナロア2008 鹿毛[血統][産駒]Mr. Prospector系,Kingmambo(米)1990 鹿毛[血統][産駒]
2020102899,ソールオリエンス,2025/11/02,4東京11,曇,11,天皇賞(秋)(GI),14,3,4,50.3,12,14,01091,丹内祐次,58,芝2000,良,1:59.3,0.7,7-9-9,37.1-32.9,32.9,478(+10),未知,キタサンブラック2012 鹿毛[血統][産駒]Halo系,サンデーサイレンスSunday Silence(米)1986 青鹿毛[血統][産駒]
2020102899,ソールオリエンス,2025/06/15,3阪神4,晴,11,宝塚記念(GI),17,6,11,18.6,8,6,01126,松山弘平,58,芝2200,,2:12.1,1.0,17-17-17-16,34.8-36.0,35.2,468(+2),未知,キタサンブラック2012 鹿毛[血統][産駒]Halo系,サンデーサイレンスSunday Silence(米)1986 青鹿毛[血統][産駒]
2020102899,ソールオリエンス,2025/04/06,2阪神4,晴,11,大阪杯(GI),15,3,4,38.0,11,10,01126,松山弘平,58,芝2000,良,1:56.9,0.7,15-15-15-15,34.9-35.1,33.5,466(-6),未知,キタサンブラック2012 鹿毛[血統][産駒]Halo系,サンデーサイレンスSunday Silence(米)1986 青鹿毛[血統][産駒]
2020102899,ソールオリエンス,2025/02/16,1京都6,曇,11,京都記念(GII),12,4,4,4.7,2,5,01088,川田将雅,58,芝2200,,2:16.1,0.4,10-9-10-9,37.0-34.6,34.1,472(-4),未知,キタサンブラック2012 鹿毛[血統][産駒]Halo系,サンデーサイレンスSunday Silence(米)1986 青鹿毛[血統][産駒]
2020102899,ソールオリエンス,2024/11/24,5東京8,晴,12,ジャパンC(GI),14,7,12,35.7,9,14,01170,横山武史,58,芝2400,良,2:27.7,2.2,2-2-4-4,37.1-33.4,35.2,476(+8),未知,キタサンブラック2012 鹿毛[血統][産駒]Halo系,サンデーサイレンスSunday Silence(米)1986 青鹿毛[血統][産駒]
2020102899,ソールオリエンス,2024/10/27,4東京8,曇,11,天皇賞(秋)(GI),15,4,6,15.4,7,7,01170,横山武史,58,芝2000,良,1:57.7,0.4,8-8-8,35.9-33.7,33.3,468(+8),未知,キタサンブラック2012 鹿毛[血統][産駒]Halo系,サンデーサイレンスSunday Silence(米)1986 青鹿毛[血統][産駒]
2020102899,ソールオリエンス,2024/06/23,4京都8,曇,11,宝塚記念(GI),13,6,9,16.9,7,2,01170,横山武史,58,芝2200,重,2:12.3,0.3,7-7-12-11,35.6-34.5,34.0,460(+4),未知,キタサンブラック2012 鹿毛[血統][産駒]Halo系,サンデーサイレンスSunday Silence(米)1986 青鹿毛[血統][産駒]
2020102899,ソールオリエンス,2024/03/31,2阪神4,晴,11,大阪杯(GI),16,5,10,8.2,5,7,01170,横山武史,58,芝2000,良,1:58.7,0.5,9-10-4-4,35.8-35.0,35.1,456(-10),未知,キタサンブラック2012 鹿毛[血統][産駒]Halo系,サンデーサイレンスSunday Silence(米)1986 青鹿毛[血統][産駒]
2020102899,ソールオリエンス,2024/02/25,2中山2,小雨,11,中山記念(GII),16,2,3,3.4,1,4,01075,田辺裕信,58,芝1800,,1:48.6,0.5,11-12-13-12,35.6-37.6,36.4,466(0),未知,キタサンブラック2012 鹿毛[血統][産駒]Halo系,サンデーサイレンスSunday Silence(米)1986 青鹿毛[血統][産駒]
2020102899,ソールオリエンス,2023/12/24,5中山8,晴,11,有馬記念(GI),16,1,1,6.5,4,8,01088,川田将雅,56,芝2500,良,2:31.6,0.7,10-10-12-12,30.2-35.9,34.8,466(+2),未知,キタサンブラック2012 鹿毛[血統][産駒]Halo系,サンデーサイレンスSunday Silence(米)1986 青鹿毛[血統][産駒]
2020102899,ソールオリエンス,2023/10/22,2京都7,晴,11,菊花賞(GI),17,7,14,2.7,1,3,01170,横山武史,57,芝3000,良,3:04.0,0.9,11-12-12-8,35.5-34.9,35.1,464(+4),未知,キタサンブラック2012 鹿毛[血統][産駒]Halo系,サンデーサイレンスSunday Silence(米)1986 青鹿毛[血統][産駒]
2020102899,ソールオリエンス,2023/09/18,4中山5,晴,11,朝日セントライト記念(GII),15,8,14,1.6,1,2,01170,横山武史,56,芝2200,良,2:11.7,0.3,10-10-9-9,35.2-34.4,34.0,460(0),未知,キタサンブラック2012 鹿毛[血統][産駒]Halo系,サンデーサイレンスSunday Silence(米)1986 青鹿毛[血統][産駒]
2020102899,ソールオリエンス,2023/05/28,2東京12,晴,11,東京優駿(GI),18,3,5,1.8,1,2,01170,横山武史,57,芝2400,良,2:25.2,0.0,6-6-6-6,35.3-35.3,33.3,460(-2),未知,キタサンブラック2012 鹿毛[血統][産駒]Halo系,サンデーサイレンスSunday Silence(米)1986 青鹿毛[血統][産駒]
2020102899,ソールオリエンス,2023/04/16,3中山8,晴,11,皐月賞(GI),18,1,1,5.2,2,1,01170,横山武史,57,芝2000,重,2:00.6,-0.2,15-15-15-17,35.1-37.2,35.5,462(0),未知,キタサンブラック2012 鹿毛[血統][産駒]Halo系,サンデーサイレンスSunday Silence(米)1986 青鹿毛[血統][産駒]
2020102899,ソールオリエンス,2023/01/15,1中山6,曇,11,京成杯(GIII),9,4,4,2.7,2,1,01170,横山武史,56,芝2000,良,2:02.2,-0.4,5-5-5-5,37.6-35.4,34.5,462(+2),未知,キタサンブラック2012 鹿毛[血統][産駒]Halo系,サンデーサイレンスSunday Silence(米)1986 青鹿毛[血統][産駒]
2020102899,ソールオリエンス,2022/11/13,5東京4,曇,5,2歳新馬,9,5,5,1.4,1,1,05386,戸崎圭太,55,芝1800,良,1:50.8,0.0,3-3-3,39.5-33.5,33.3,460(0),未知,キタサンブラック2012 鹿毛[血統][産駒]Halo系,サンデーサイレンスSunday Silence(米)1986 青鹿毛[血統][産駒]
2020102078,レーベンスティール,2026/04/05,2阪神4,晴,11,大阪杯(GI),15,7,12,9.9,5,6,05339,ルメール,58,芝2000,良,1:58.1,0.5,11-11-11-4,34.9-35.5,35.2,492(+8),牡6歳,リアルスティール2012 鹿毛[血統][産駒]Halo系,サンデーサイレンスSunday Silence(米)1986 青鹿毛[血統][産駒]
2020102078,レーベンスティール,2026/03/01,2中山2,晴,11,中山記念(GII),14,4,5,4.2,3,1,05386,戸崎圭太,58,芝1800,良,1:45.1,-0.3,3-4-4-3,36.3-34.4,33.8,484(-2),牡6歳,リアルスティール2012 鹿毛[血統][産駒]Halo系,サンデーサイレンスSunday Silence(米)1986 青鹿毛[血統][産駒]
2020102078,レーベンスティール,2025/11/23,4京都6,晴,11,マイルチャンピオンS(GI),18,7,14,19.3,5,12,05585,レーン,58,芝1600,良,1:32.4,1.1,10-10,34.2-33.6,33.7,486(+2),牡6歳,リアルスティール2012 鹿毛[血統][産駒]Halo系,サンデーサイレンスSunday Silence(米)1986 青鹿毛[血統][産駒]
2020102078,レーベンスティール,2025/10/05,4東京2,曇,11,毎日王冠(GII),11,7,9,7.7,5,1,01092,津村明秀,57,芝1800,良,1:44.0,-0.1,3-3-3,34.8-33.7,33.3,484(0),牡6歳,リアルスティール2012 鹿毛[血統][産駒]Halo系,サンデーサイレンスSunday Silence(米)1986 青鹿毛[血統][産駒]
2020102078,レーベンスティール,2025/06/22,3阪神6,晴,11,しらさぎS(GIII),14,4,6,4.1,2,7,01088,川田将雅,59,芝1600,良,1:33.5,0.5,5-6,35.1-33.9,34.1,484(-8),牡6歳,リアルスティール2012 鹿毛[血統][産駒]Halo系,サンデーサイレンスSunday Silence(米)1986 青鹿毛[血統][産駒]
2020102078,レーベンスティール,2025/01/26,1中山9,晴,11,アメリカジョッキーC(GII),18,1,2,2.9,2,12,05339,ルメール,58,芝2200,良,2:13.2,1.1,7-7-7-7,36.5-36.6,37.1,492(+12),牡6歳,リアルスティール2012 鹿毛[血統][産駒]Halo系,サンデーサイレンスSunday Silence(米)1986 青鹿毛[血統][産駒]
2020102078,レーベンスティール,2024/10/27,4東京8,曇,11,天皇賞(秋)(GI),15,8,14,4.7,3,8,05339,ルメール,58,芝2000,良,1:57.8,0.5,8-11-11,35.9-33.7,33.2,480(-4),牡6歳,リアルスティール2012 鹿毛[血統][産駒]Halo系,サンデーサイレンスSunday Silence(米)1986 青鹿毛[血統][産駒]
2020102078,レーベンスティール,2024/09/22,4中山7,曇,11,産経賞オールカマー(GII),15,3,4,1.5,1,1,05339,ルメール,57,芝2200,良,2:11.8,-0.1,3-3-4-4,36.6-34.7,34.1,484(+2),牡6歳,リアルスティール2012 鹿毛[血統][産駒]Halo系,サンデーサイレンスSunday Silence(米)1986 青鹿毛[血統][産駒]
2020102078,レーベンスティール,2024/06/09,3東京4,曇,11,エプソムC(GIII),18,3,6,3.6,1,1,05339,ルメール,59,芝1800,良,1:44.7,-0.3,5-7-7,35.2-34.6,33.7,482(-4),牡6歳,リアルスティール2012 鹿毛[血統][産駒]Halo系,サンデーサイレンスSunday Silence(米)1986 青鹿毛[血統][産駒]
2020102078,レーベンスティール,2024/05/05,1新潟4,晴,11,新潟大賞典(GIII),16,8,15,3.4,1,11,01092,津村明秀,58,芝2000,良,2:01.1,1.0,7-6,36.9-34.4,34.7,486(+3),牡6歳,リアルスティール2012 鹿毛[血統][産駒]Halo系,サンデーサイレンスSunday Silence(米)1986 青鹿毛[血統][産駒]
2020102078,レーベンスティール,2023/12/10,シャティン,,,香港ヴァーズ(GI),8,,8,1.9,1,8,05509,モレイラ,55,芝2400,良,,,,,,483,牡6歳,リアルスティール2012 鹿毛[血統][産駒]Halo系,サンデーサイレンスSunday Silence(米)1986 青鹿毛[血統][産駒]
2020102078,レーベンスティール,2023/09/18,4中山5,晴,11,朝日セントライト記念(GII),15,3,4,3.8,2,1,05509,モレイラ,56,芝2200,良,2:11.4,-0.3,6-6-7-7,35.2-34.4,33.9,470(-4),牡6歳,リアルスティール2012 鹿毛[血統][産駒]Halo系,サンデーサイレンスSunday Silence(米)1986 青鹿毛[血統][産駒]
2020102078,レーベンスティール,2023/07/02,2福島2,晴,11,ラジオNIKKEI賞(GIII),16,7,14,1.9,1,3,05386,戸崎圭太,56,芝1800,良,1:47.0,0.1,11-10-10-10,35.5-35.2,34.4,474(-2),牡6歳,リアルスティール2012 鹿毛[血統][産駒]Halo系,サンデーサイレンスSunday Silence(米)1986 青鹿毛[血統][産駒]
2020102078,レーベンスティール,2023/05/14,2東京8,曇,5,3歳1勝クラス,13,3,3,1.6,1,1,05585,レーン,56,芝1800,良,1:47.4,-0.8,3-3-3,35.9-33.3,33.0,476(-4),牡6歳,リアルスティール2012 鹿毛[血統][産駒]Halo系,サンデーサイレンスSunday Silence(米)1986 青鹿毛[血統][産駒]
2020102078,レーベンスティール,2023/03/25,3中山1,雨,6,3歳1勝クラス,11,7,9,1.6,1,2,05386,戸崎圭太,56,芝1800,,1:54.6,0.0,2-2-2-2,39.9-35.7,35.7,480(+2),牡6歳,リアルスティール2012 鹿毛[血統][産駒]Halo系,サンデーサイレンスSunday Silence(米)1986 青鹿毛[血統][産駒]
2020102078,レーベンスティール,2022/12/10,5中山3,晴,4,2歳未勝利,16,1,2,1.3,1,1,05626,マーカン,55,芝1800,良,1:48.4,-0.6,3-3-3-2,35.7-35.8,35.6,478(-2),牡6歳,リアルスティール2012 鹿毛[血統][産駒]Halo系,サンデーサイレンスSunday Silence(米)1986 青鹿毛[血統][産駒]
2020102078,レーベンスティール,2022/11/13,5東京4,曇,5,2歳新馬,9,6,6,3.1,2,2,05626,マーカン,55,芝1800,良,1:50.8,0.0,3-3-4,39.5-33.5,33.2,480(0),牡6歳,リアルスティール2012 鹿毛[血統][産駒]Halo系,サンデーサイレンスSunday Silence(米)1986 青鹿毛[血統][産駒]
2018104980,ステラヴェローチェ,2024/10/27,4東京8,曇,11,天皇賞(秋)(GI),15,2,3,150.3,13,9,01197,佐々木大,58,芝2000,良,1:58.0,0.7,8-8-8,35.9-33.7,33.5,504(-4),未知,バゴBago(仏)2001 黒鹿毛[血統][産駒]Blushing Groom系,Blushing Groom(仏)1974 栗毛[血統][産駒]
2018104980,ステラヴェローチェ,2024/09/22,4中山7,曇,11,産経賞オールカマー(GII),15,3,5,5.3,2,6,00660,横山典弘,57,芝2200,良,2:12.2,0.4,6-6-4-4,36.6-34.7,34.5,508(0),未知,バゴBago(仏)2001 黒鹿毛[血統][産駒]Blushing Groom系,Blushing Groom(仏)1974 栗毛[血統][産駒]
2018104980,ステラヴェローチェ,2024/08/18,2札幌4,晴,11,札幌記念(GII),11,7,9,13.4,4,3,00660,横山典弘,58,芝2000,良,2:00.0,0.4,6-6-6-5,36.3-35.5,34.9,508(+2),未知,バゴBago(仏)2001 黒鹿毛[血統][産駒]Blushing Groom系,Blushing Groom(仏)1974 栗毛[血統][産駒]
2018104980,ステラヴェローチェ,2024/06/02,3東京2,小雨,11,安田記念(GI),18,7,13,16.4,7,9,00660,横山典弘,58,芝1600,,1:33.0,0.7,4-5,34.5-33.9,34.1,506(+2),未知,バゴBago(仏)2001 黒鹿毛[血統][産駒]Blushing Groom系,Blushing Groom(仏)1974 栗毛[血統][産駒]
2018104980,ステラヴェローチェ,2024/03/31,2阪神4,晴,11,大阪杯(GI),16,5,9,15.0,7,4,01034,酒井学,58,芝2000,良,1:58.3,0.1,9-8-9-10,35.8-35.0,34.2,504(-6),未知,バゴBago(仏)2001 黒鹿毛[血統][産駒]Blushing Groom系,Blushing Groom(仏)1974 栗毛[血統][産駒]
2018104980,ステラヴェローチェ,2024/03/03,1阪神4,晴,11,大阪城S(L),15,3,4,7.7,5,1,01034,酒井学,58.5,芝1800,良,1:45.4,0.0,3-3,34.6-34.8,34.5,510(+4),未知,バゴBago(仏)2001 黒鹿毛[血統][産駒]Blushing Groom系,Blushing Groom(仏)1974 栗毛[血統][産駒]
2018104980,ステラヴェローチェ,2023/11/11,5東京3,曇,11,東京中日S杯武蔵野S(GIII),16,7,13,19.7,7,16,05212,Ｍ．デム,57,ダ1600,良,1:38.0,2.8,3-4,34.5-36.8,39.0,506(-2),未知,バゴBago(仏)2001 黒鹿毛[血統][産駒]Blushing Groom系,Blushing Groom(仏)1974 栗毛[血統][産駒]
2018104980,ステラヴェローチェ,2023/10/21,4東京6,晴,11,富士S(GII),12,8,12,18.5,8,7,05212,Ｍ．デム,57,芝1600,良,1:32.4,1.0,2-2,34.0-34.7,35.4,508(0),未知,バゴBago(仏)2001 黒鹿毛[血統][産駒]Blushing Groom系,Blushing Groom(仏)1974 栗毛[血統][産駒]
2018104980,ステラヴェローチェ,2022/03/26,メイダン,晴,,ドバイシーマクラシッ(GI),15,,13,5.7,3,9,05212,Ｍ．デム,56.5,芝2410,良,,,,,56.5,,未知,バゴBago(仏)2001 黒鹿毛[血統][産駒]Blushing Groom系,Blushing Groom(仏)1974 栗毛[血統][産駒]
2018104980,ステラヴェローチェ,2022/01/16,1中京6,晴,11,日経新春杯(GII),16,2,4,1.8,1,2,05212,Ｍ．デム,57,芝2200,良,2:11.8,0.1,4-6-8-8,36.0-35.1,34.7,498(0),未知,バゴBago(仏)2001 黒鹿毛[血統][産駒]Blushing Groom系,Blushing Groom(仏)1974 栗毛[血統][産駒]
2018104980,ステラヴェローチェ,2021/12/26,5中山8,晴,11,有馬記念(GI),16,5,9,7.9,3,4,05212,Ｍ．デム,55,芝2500,良,2:32.3,0.3,10-11-10-8,29.8-36.7,35.9,498(+4),未知,バゴBago(仏)2001 黒鹿毛[血統][産駒]Blushing Groom系,Blushing Groom(仏)1974 栗毛[血統][産駒]
2018104980,ステラヴェローチェ,2021/10/24,4阪神6,曇,11,菊花賞(GI),18,7,14,4.1,2,4,01095,吉田隼人,57,芝3000,良,3:05.4,0.8,15-15-15-9,35.1-35.1,34.7,494(-12),未知,バゴBago(仏)2001 黒鹿毛[血統][産駒]Blushing Groom系,Blushing Groom(仏)1974 栗毛[血統][産駒]
2018104980,ステラヴェローチェ,2021/09/26,5中京7,雨,11,神戸新聞杯(GII),10,5,5,3.0,2,1,01095,吉田隼人,56,芝2200,,2:18.0,0.0,9-8-9-9,37.0-36.5,35.6,506(+18),未知,バゴBago(仏)2001 黒鹿毛[血統][産駒]Blushing Groom系,Blushing Groom(仏)1974 栗毛[血統][産駒]
2018104980,ステラヴェローチェ,2021/05/30,2東京12,晴,11,東京優駿(GI),17,6,11,40.2,9,3,01095,吉田隼人,57,芝2400,良,2:22.7,0.2,13-14-13-12,35.0-33.9,33.4,488(-12),未知,バゴBago(仏)2001 黒鹿毛[血統][産駒]Blushing Groom系,Blushing Groom(仏)1974 栗毛[血統][産駒]
2018104980,ステラヴェローチェ,2021/04/18,3中山8,晴,11,皐月賞(GI),16,2,3,14.3,6,3,01095,吉田隼人,57,芝2000,,2:01.1,0.5,13-10-10-8,36.3-37.0,36.7,500(0),未知,バゴBago(仏)2001 黒鹿毛[血統][産駒]Blushing Groom系,Blushing Groom(仏)1974 栗毛[血統][産駒]
2018104980,ステラヴェローチェ,2021/02/14,1東京6,晴,11,共同通信杯(GIII),12,3,3,2.3,1,5,00660,横山典弘,57,芝1800,良,1:48.1,0.5,6-5-6,37.4-33.8,33.6,500(-2),未知,バゴBago(仏)2001 黒鹿毛[血統][産駒]Blushing Groom系,Blushing Groom(仏)1974 栗毛[血統][産駒]
2018104980,ステラヴェローチェ,2020/12/20,6阪神6,晴,11,朝日フューチュリティ(GI),16,4,7,5.1,2,2,00660,横山典弘,55,芝1600,良,1:32.4,0.1,10-9,33.7-35.4,33.5,502(0),未知,バゴBago(仏)2001 黒鹿毛[血統][産駒]Blushing Groom系,Blushing Groom(仏)1974 栗毛[血統][産駒]
2018104980,ステラヴェローチェ,2020/10/10,4東京1,雨,11,サウジアラビアRC(GIII),10,8,9,5.7,3,1,00660,横山典弘,55,芝1600,,1:39.6,-0.5,8-9,35.6-37.7,36.8,502(+14),未知,バゴBago(仏)2001 黒鹿毛[血統][産駒]Blushing Groom系,Blushing Groom(仏)1974 栗毛[血統][産駒]
2018104980,ステラヴェローチェ,2020/07/05,4阪神2,晴,5,2歳新馬,14,1,1,3.2,2,1,01088,川田将雅,54,芝1600,,1:36.4,0.0,2-1,35.7-35.7,35.7,488(0),未知,バゴBago(仏)2001 黒鹿毛[血統][産駒]Blushing Groom系,Blushing Groom(仏)1974 栗毛[血統][産駒]
2020100254,ニシノレヴナント,2026/03/15,1中京2,晴,11,東海テレビ杯金鯱賞(GII),14,5,7,102.5,13,12,01158,野中悠太,57,芝2000,良,1:59.1,1.0,12-12-12-13,36.1-35.1,34.2,482(0),未知,ネロ2011 栗毛[血統][産駒]Storm Bird系,ヘネシーHennessy(米)1993 栗毛[血統][産駒]
2020100254,ニシノレヴナント,2026/01/25,1中山9,晴,11,アメリカジョッキーC(GII),16,6,11,64.7,10,9,01158,野中悠太,57,芝2200,良,2:11.6,0.8,9-10-10-11,35.7-36.9,34.9,482(-4),未知,ネロ2011 栗毛[血統][産駒]Storm Bird系,ヘネシーHennessy(米)1993 栗毛[血統][産駒]
2020100254,ニシノレヴナント,2025/11/09,5東京2,曇,11,アルゼンチン共和国杯(GII),18,8,16,15.6,7,9,01158,野中悠太,56.5,芝2500,良,2:30.5,0.3,16-16-15-14,30.6-34.6,34.0,486(+6),未知,ネロ2011 栗毛[血統][産駒]Storm Bird系,ヘネシーHennessy(米)1993 栗毛[血統][産駒]
2020100254,ニシノレヴナント,2025/10/13,4東京5,曇,11,オクトーバーS(L),18,4,8,47.0,13,1,01158,野中悠太,55,芝2000,良,1:57.5,-0.3,15-16-14,35.8-34.2,32.9,480(0),未知,ネロ2011 栗毛[血統][産駒]Storm Bird系,ヘネシーHennessy(米)1993 栗毛[血統][産駒]
2020100254,ニシノレヴナント,2025/09/07,2札幌6,晴,11,丹頂S(OP),12,4,4,12.7,6,9,01206,小林美駒,55,芝2600,,2:46.0,1.2,11-11-12-11,38.1-36.4,35.0,480(-4),未知,ネロ2011 栗毛[血統][産駒]Storm Bird系,ヘネシーHennessy(米)1993 栗毛[血統][産駒]
2020100254,ニシノレヴナント,2025/07/13,2福島6,晴,11,七夕賞(GIII),15,5,9,12.1,6,7,01075,田辺裕信,55,芝2000,良,2:01.7,1.2,13-11-8-10,34.7-36.0,36.3,484(-4),未知,ネロ2011 栗毛[血統][産駒]Storm Bird系,ヘネシーHennessy(米)1993 栗毛[血統][産駒]
2020100254,ニシノレヴナント,2025/06/01,2東京12,曇,12,目黒記念(GII),18,8,18,22.4,10,15,01032,池添謙一,55,芝2500,良,2:34.7,1.8,3-3-2-2,31.4-34.8,36.5,488(0),未知,ネロ2011 栗毛[血統][産駒]Storm Bird系,ヘネシーHennessy(米)1993 栗毛[血統][産駒]
2020100254,ニシノレヴナント,2025/04/13,2阪神6,雨,10,大阪ーハンブルクC(OP),11,5,5,9.0,4,2,01032,池添謙一,55,芝2600,,2:39.9,0.1,4-4-5-3,37.0-35.2,34.9,488(-12),未知,ネロ2011 栗毛[血統][産駒]Storm Bird系,ヘネシーHennessy(米)1993 栗毛[血統][産駒]
2020100254,ニシノレヴナント,2025/01/26,1中山9,晴,11,アメリカジョッキーC(GII),18,3,6,64.1,11,16,01075,田辺裕信,57,芝2200,良,2:14.1,2.0,18-18-18-18,36.5-36.6,36.7,500(+10),未知,ネロ2011 栗毛[血統][産駒]Storm Bird系,ヘネシーHennessy(米)1993 栗毛[血統][産駒]
2020100254,ニシノレヴナント,2024/10/27,4東京8,曇,11,天皇賞(秋)(GI),15,8,15,415.8,15,10,01075,田辺裕信,58,芝2000,良,1:58.0,0.7,15-15-15,35.9-33.7,33.0,490(0),未知,ネロ2011 栗毛[血統][産駒]Storm Bird系,ヘネシーHennessy(米)1993 栗毛[血統][産駒]
2020100254,ニシノレヴナント,2024/09/22,4中山7,曇,11,産経賞オールカマー(GII),15,5,8,69.0,13,9,01096,大野拓弥,57,芝2200,良,2:12.4,0.6,14-14-13-11,36.6-34.7,34.0,490(0),未知,ネロ2011 栗毛[血統][産駒]Storm Bird系,ヘネシーHennessy(米)1993 栗毛[血統][産駒]
2020100254,ニシノレヴナント,2024/05/04,2東京5,晴,10,メトロポリタンS(L),8,5,5,5.3,3,6,01096,大野拓弥,57,芝2400,良,2:24.3,0.9,7-6-6-6,35.9-34.1,34.1,490(-4),未知,ネロ2011 栗毛[血統][産駒]Storm Bird系,ヘネシーHennessy(米)1993 栗毛[血統][産駒]
2020100254,ニシノレヴナント,2024/02/17,1東京7,曇,11,ダイヤモンドS(GIII),10,6,6,6.8,4,7,01096,大野拓弥,55,芝3400,良,3:31.6,1.4,9-9-9-9,35.9-34.3,34.6,494(0),未知,ネロ2011 栗毛[血統][産駒]Storm Bird系,ヘネシーHennessy(米)1993 栗毛[血統][産駒]
2020100254,ニシノレヴナント,2023/12/23,5中山7,晴,11,グレイトフルS(3勝クラス),15,5,10,4.6,3,1,01096,大野拓弥,55,芝2500,良,2:32.0,-0.1,9-8-10-8,30.4-35.9,33.9,494(+6),未知,ネロ2011 栗毛[血統][産駒]Storm Bird系,ヘネシーHennessy(米)1993 栗毛[血統][産駒]
2020100254,ニシノレヴナント,2023/11/18,3京都5,晴,10,比叡S(3勝クラス),14,4,6,12.9,6,3,01096,大野拓弥,56,芝2400,,2:28.0,0.3,7-8-7-8,35.5-34.0,33.5,488(+8),未知,ネロ2011 栗毛[血統][産駒]Storm Bird系,ヘネシーHennessy(米)1993 栗毛[血統][産駒]
2020100254,ニシノレヴナント,2023/09/23,4中山6,曇,10,九十九里特別(2勝クラス),12,3,3,3.2,2,1,01096,大野拓弥,55,芝2500,,2:35.0,0.0,3-3-5-5,31.5-35.9,35.4,480(+2),未知,ネロ2011 栗毛[血統][産駒]Storm Bird系,ヘネシーHennessy(米)1993 栗毛[血統][産駒]
2020100254,ニシノレヴナント,2023/09/02,3新潟7,曇,10,赤倉特別(2勝クラス),9,7,7,14.0,5,4,01096,大野拓弥,55,芝2000,良,1:59.9,0.8,6-6,35.4-33.5,33.7,478(+4),未知,ネロ2011 栗毛[血統][産駒]Storm Bird系,ヘネシーHennessy(米)1993 栗毛[血統][産駒]
2020100254,ニシノレヴナント,2023/06/03,3東京1,晴,8,稲城特別(1勝クラス),6,5,5,4.4,4,1,01096,大野拓弥,54,芝2400,,2:29.1,-0.1,4-4-3-3,38.2-35.1,34.6,474(0),未知,ネロ2011 栗毛[血統][産駒]Storm Bird系,ヘネシーHennessy(米)1993 栗毛[血統][産駒]
2020100254,ニシノレヴナント,2023/04/29,2東京3,晴,11,テレビ東京杯青葉賞(GII),15,4,7,171.0,12,9,01096,大野拓弥,56,芝2400,良,2:25.0,1.1,6-8-11-12,35.4-34.8,35.1,474(-12),未知,ネロ2011 栗毛[血統][産駒]Storm Bird系,ヘネシーHennessy(米)1993 栗毛[血統][産駒]
2020100254,ニシノレヴナント,2023/02/18,1東京7,晴,5,3歳未勝利,18,8,18,16.1,5,1,01096,大野拓弥,56,芝2400,良,2:26.2,0.0,13-14-14-10,35.7-35.6,34.8,486(+2),未知,ネロ2011 栗毛[血統][産駒]Storm Bird系,ヘネシーHennessy(米)1993 栗毛[血統][産駒]
2020100254,ニシノレヴナント,2022/12/25,5中山8,晴,3,2歳未勝利,16,6,12,17.3,8,9,01158,野中悠太,55,芝1600,良,1:36.6,1.8,15-13-15,35.0-35.6,36.5,484(0),未知,ネロ2011 栗毛[血統][産駒]Storm Bird系,ヘネシーHennessy(米)1993 栗毛[血統][産駒]
2020100254,ニシノレヴナント,2022/11/26,5東京7,曇,3,2歳未勝利,16,1,2,102.3,10,2,01158,野中悠太,55,芝1800,良,1:47.6,0.2,11-11-11,35.7-35.3,34.4,484(-20),未知,ネロ2011 栗毛[血統][産駒]Storm Bird系,ヘネシーHennessy(米)1993 栗毛[血統][産駒]
2020100254,ニシノレヴナント,2022/09/10,4中山1,晴,3,2歳未勝利,12,8,12,5.5,4,11,01158,野中悠太,54,ダ1800,,2:02.3,6.4,8-7-10-11,37.9-40.3,44.5,504(+4),未知,ネロ2011 栗毛[血統][産駒]Storm Bird系,ヘネシーHennessy(米)1993 栗毛[血統][産駒]
2020100254,ニシノレヴナント,2022/08/21,3新潟4,晴,5,2歳新馬,13,3,3,80.8,10,6,01158,野中悠太,54,芝1800,,1:51.9,1.7,7-7,38.3-33.0,34.0,500(0),未知,ネロ2011 栗毛[血統][産駒]Storm Bird系,ヘネシーHennessy(米)1993 栗毛[血統][産駒]
2018102348,ノースブリッジ,2026/01/25,1中山9,晴,11,アメリカジョッキーC(GII),16,5,10,36.5,9,8,05203,岩田康誠,57,芝2200,良,2:11.6,0.8,3-3-3-3,35.7-36.9,36.2,504(+4),牡8歳,モーリス2011 鹿毛[血統][産駒]Roberto系,グラスワンダー1995 栗毛[血統][産駒]
2018102348,ノースブリッジ,2025/11/09,4京都2,小雨,11,みやこS(GIII),15,2,2,36.0,12,12,05203,岩田康誠,57,ダ1800,,1:50.5,3.0,12-11-10-10,35.1-36.2,38.4,500(0),牡8歳,モーリス2011 鹿毛[血統][産駒]Roberto系,グラスワンダー1995 栗毛[血統][産駒]
2018102348,ノースブリッジ,2024/10/27,4東京8,曇,11,天皇賞(秋)(GI),15,3,5,68.7,10,11,05203,岩田康誠,58,芝2000,良,1:58.0,0.7,12-13-13,35.9-33.7,33.3,500(-2),牡8歳,モーリス2011 鹿毛[血統][産駒]Roberto系,グラスワンダー1995 栗毛[血統][産駒]
2018102348,ノースブリッジ,2024/08/18,2札幌4,晴,11,札幌記念(GII),11,8,12,14.5,5,1,05203,岩田康誠,58,芝2000,良,1:59.6,-0.3,2-2-2-2,36.3-35.5,35.0,502(+1),牡8歳,モーリス2011 鹿毛[血統][産駒]Roberto系,グラスワンダー1995 栗毛[血統][産駒]
2018102348,ノースブリッジ,2024/04/28,シャティン,,,QE2世C(GI),11,,9,24.2,6,3,05203,岩田康誠,57,芝2000,,,,,,24.2,501,牡8歳,モーリス2011 鹿毛[血統][産駒]Roberto系,グラスワンダー1995 栗毛[血統][産駒]
2018102348,ノースブリッジ,2024/02/17,カタール,,,アミールT(GIII),11,,3,,,4,05203,岩田康誠,58,芝2400,良,,,,,,,牡8歳,モーリス2011 鹿毛[血統][産駒]Roberto系,グラスワンダー1995 栗毛[血統][産駒]
2018102348,ノースブリッジ,2023/10/29,4東京9,晴,11,天皇賞(秋)(GI),11,1,1,167.9,10,10,05203,岩田康誠,58,芝2000,良,1:58.0,2.8,4-4-4,34.9-34.7,36.7,492(-8),牡8歳,モーリス2011 鹿毛[血統][産駒]Roberto系,グラスワンダー1995 栗毛[血統][産駒]
2018102348,ノースブリッジ,2023/09/24,4中山7,晴,11,産経賞オールカマー(GII),15,6,11,19.5,6,7,05203,岩田康誠,58,芝2200,良,2:12.5,0.5,2-2-3-3,36.0-35.5,35.8,500(+12),牡8歳,モーリス2011 鹿毛[血統][産駒]Roberto系,グラスワンダー1995 栗毛[血統][産駒]
2018102348,ノースブリッジ,2023/04/02,2阪神4,晴,11,大阪杯(GI),16,2,4,15.8,7,8,05203,岩田康誠,58,芝2000,良,1:58.1,0.7,7-5-5-5,35.5-35.3,35.5,488(-8),牡8歳,モーリス2011 鹿毛[血統][産駒]Roberto系,グラスワンダー1995 栗毛[血統][産駒]
2018102348,ノースブリッジ,2023/01/22,1中山8,晴,11,アメリカジョッキーC(GII),14,3,4,8.6,4,1,05203,岩田康誠,57,芝2200,良,2:13.5,-0.1,4-4-4-3,36.3-35.2,34.8,496(+4),牡8歳,モーリス2011 鹿毛[血統][産駒]Roberto系,グラスワンダー1995 栗毛[血統][産駒]
2018102348,ノースブリッジ,2022/10/30,4東京9,晴,11,天皇賞(秋)(GI),15,6,10,59.9,11,11,05203,岩田康誠,58,芝2000,良,1:58.4,0.9,2-3-3,34.7-36.7,34.0,492(-2),牡8歳,モーリス2011 鹿毛[血統][産駒]Roberto系,グラスワンダー1995 栗毛[血統][産駒]
2018102348,ノースブリッジ,2022/10/09,4東京2,曇,11,毎日王冠(GII),10,2,2,6.8,5,5,05203,岩田康誠,56,芝1800,良,1:44.5,0.4,8-8-8,34.5-34.4,34.0,494(+2),牡8歳,モーリス2011 鹿毛[血統][産駒]Roberto系,グラスワンダー1995 栗毛[血統][産駒]
2018102348,ノースブリッジ,2022/06/12,3東京4,晴,11,エプソムC(GIII),12,5,6,7.3,4,1,05203,岩田康誠,56,芝1800,重,1:46.7,0.0,3-3-3,36.2-35.1,34.6,492(-4),牡8歳,モーリス2011 鹿毛[血統][産駒]Roberto系,グラスワンダー1995 栗毛[血統][産駒]
2018102348,ノースブリッジ,2022/02/20,1東京8,小雨,10,アメジストS(3勝クラス),11,4,4,5.9,3,1,05203,岩田康誠,55,芝2000,,2:00.1,-0.2,1-1-1,36.4-34.8,34.8,496(-2),牡8歳,モーリス2011 鹿毛[血統][産駒]Roberto系,グラスワンダー1995 栗毛[血統][産駒]
2018102348,ノースブリッジ,2021/11/28,5東京8,晴,11,ウェルカムS(3勝クラス),16,4,8,4.6,2,12,05203,岩田康誠,55,芝2000,良,2:00.0,1.6,16-15-15,35.9-34.3,34.4,498(+6),牡8歳,モーリス2011 鹿毛[血統][産駒]Roberto系,グラスワンダー1995 栗毛[血統][産駒]
2018102348,ノースブリッジ,2021/10/24,4東京6,晴,9,tvk賞(2勝クラス),9,8,9,3.3,2,1,05203,岩田康誠,55,芝2000,良,1:59.0,-0.2,3-3-3,33.7-36.3,35.4,492(0),牡8歳,モーリス2011 鹿毛[血統][産駒]Roberto系,グラスワンダー1995 栗毛[血統][産駒]
2018102348,ノースブリッジ,2021/09/20,4中山5,晴,11,朝日セントライト記念(GII),14,4,5,26.4,8,10,05203,岩田康誠,56,芝2200,良,2:13.4,1.1,2-5-4-5,36.3-35.4,36.2,492(-2),牡8歳,モーリス2011 鹿毛[血統][産駒]Roberto系,グラスワンダー1995 栗毛[血統][産駒]
2018102348,ノースブリッジ,2021/07/04,1福島2,小雨,11,ラジオNIKKEI賞(GIII),16,7,14,11.0,7,3,05203,岩田康誠,54,芝1800,,1:48.6,0.6,1-1-1-1,35.6-35.2,35.8,494(+14),牡8歳,モーリス2011 鹿毛[血統][産駒]Roberto系,グラスワンダー1995 栗毛[血統][産駒]
2018102348,ノースブリッジ,2021/05/01,2東京3,小雨,11,テレビ東京杯青葉賞(GII),18,2,3,8.4,4,13,01140,横山和生,56,芝2400,良,2:26.9,1.7,1-1-1-1,35.2-34.8,36.5,480(0),牡8歳,モーリス2011 鹿毛[血統][産駒]Roberto系,グラスワンダー1995 栗毛[血統][産駒]
2018102348,ノースブリッジ,2020/12/05,5中山1,小雨,9,葉牡丹賞(1勝クラス),12,3,3,8.0,5,1,05203,岩田康誠,55,芝2000,,2:02.2,-0.7,1-1-1-1,37.8-35.1,35.1,480(+12),牡8歳,モーリス2011 鹿毛[血統][産駒]Roberto系,グラスワンダー1995 栗毛[血統][産駒]
2018102348,ノースブリッジ,2020/09/27,2中京7,晴,5,2歳新馬,10,4,4,9.4,3,1,00666,武豊,54,芝2000,良,2:02.6,-0.2,1-1-1-1,38.1-35.6,35.6,468(0),牡8歳,モーリス2011 鹿毛[血統][産駒]Roberto系,グラスワンダー1995 栗毛[血統][産駒]
2019104828,キングズパレス,2026/03/15,1中京2,晴,11,東海テレビ杯金鯱賞(GII),14,7,11,73.5,11,8,01161,菊沢一樹,57,芝2000,良,1:58.6,0.5,14-14-14-13,36.1-35.1,33.7,504(-6),牡7歳,キングカメハメハ2001 鹿毛[血統][産駒]Mr. Prospector系,Mr. Prospector1970 鹿毛[血統][産駒]
2019104828,キングズパレス,2026/01/31,1東京1,晴,11,白富士S(L),10,5,5,45.0,9,6,01170,横山武史,59,芝2000,良,1:58.1,1.1,10-10-9,35.1-33.7,32.9,510(+8),牡7歳,キングカメハメハ2001 鹿毛[血統][産駒]Mr. Prospector系,Mr. Prospector1970 鹿毛[血統][産駒]
2019104828,キングズパレス,2025/03/16,2中京2,小雨,11,東海テレビ杯金鯱賞(GII),10,4,4,23.9,6,3,01032,池添謙一,57,芝2000,重,2:01.6,0.3,10-10-9-7,35.7-38.6,36.0,502(-4),牡7歳,キングカメハメハ2001 鹿毛[血統][産駒]Mr. Prospector系,Mr. Prospector1970 鹿毛[血統][産駒]
2019104828,キングズパレス,2025/01/19,1中京7,晴,11,日経新春杯(GII),16,5,10,17.6,8,6,05212,Ｍ．デム,57.5,芝2200,良,2:11.1,1.3,16-16-16-16,34.5-37.4,35.5,506(+4),牡7歳,キングカメハメハ2001 鹿毛[血統][産駒]Mr. Prospector系,Mr. Prospector1970 鹿毛[血統][産駒]
2019104828,キングズパレス,2024/12/07,4中京3,曇,11,中日新聞杯(GIII),18,2,3,6.5,4,5,05212,Ｍ．デム,57.5,芝2000,良,1:58.9,0.5,17-17-17-17,35.3-35.6,34.3,502(+2),牡7歳,キングカメハメハ2001 鹿毛[血統][産駒]Mr. Prospector系,Mr. Prospector1970 鹿毛[血統][産駒]
2019104828,キングズパレス,2024/10/27,4東京8,曇,11,天皇賞(秋)(GI),15,5,8,97.0,11,12,05115,シュタル,58,芝2000,良,1:58.0,0.7,8-8-8,35.9-33.7,33.6,500(+6),牡7歳,キングカメハメハ2001 鹿毛[血統][産駒]Mr. Prospector系,Mr. Prospector1970 鹿毛[血統][産駒]
2019104828,キングズパレス,2024/09/01,3新潟8,晴,11,新潟記念(GIII),11,7,9,2.8,1,3,01085,松岡正海,57,芝2000,良,1:58.1,0.1,7-7,35.4-35.0,33.4,494(-2),牡7歳,キングカメハメハ2001 鹿毛[血統][産駒]Mr. Prospector系,Mr. Prospector1970 鹿毛[血統][産駒]
2019104828,キングズパレス,2024/07/07,2福島4,晴,11,七夕賞(GIII),15,6,11,3.8,1,2,01085,松岡正海,57,芝2000,良,1:58.2,0.3,10-9-9-9,33.6-36.6,34.9,496(-2),牡7歳,キングカメハメハ2001 鹿毛[血統][産駒]Mr. Prospector系,Mr. Prospector1970 鹿毛[血統][産駒]
2019104828,キングズパレス,2024/05/05,1新潟4,晴,11,新潟大賞典(GIII),16,7,13,6.4,3,2,01085,松岡正海,56,芝2000,良,2:00.1,0.0,9-7,36.9-34.4,33.6,498(-8),牡7歳,キングカメハメハ2001 鹿毛[血統][産駒]Mr. Prospector系,Mr. Prospector1970 鹿毛[血統][産駒]
2019104828,キングズパレス,2024/03/31,3中山4,晴,11,美浦S(3勝クラス),15,5,8,2.1,1,1,01085,松岡正海,58,芝2000,良,1:58.7,0.0,9-8-8-5,34.8-35.8,34.8,506(-6),牡7歳,キングカメハメハ2001 鹿毛[血統][産駒]Mr. Prospector系,Mr. Prospector1970 鹿毛[血統][産駒]
2019104828,キングズパレス,2024/03/03,2中山4,晴,9,湾岸S(3勝クラス),14,3,3,2.6,1,3,01085,松岡正海,58,芝2200,良,2:12.9,0.0,7-8-3-2,35.7-35.1,34.8,512(0),牡7歳,キングカメハメハ2001 鹿毛[血統][産駒]Mr. Prospector系,Mr. Prospector1970 鹿毛[血統][産駒]
2019104828,キングズパレス,2023/12/23,5中山7,晴,11,グレイトフルS(3勝クラス),15,2,4,2.4,1,2,05626,マーカン,58,芝2500,良,2:32.1,0.1,7-7-7-6,30.4-35.9,34.3,512(+8),牡7歳,キングカメハメハ2001 鹿毛[血統][産駒]Mr. Prospector系,Mr. Prospector1970 鹿毛[血統][産駒]
2019104828,キングズパレス,2023/11/18,3京都5,晴,10,比叡S(3勝クラス),14,2,2,2.0,1,2,01085,松岡正海,58,芝2400,,2:27.9,0.2,4-4-5-3,35.5-34.0,33.6,504(+6),牡7歳,キングカメハメハ2001 鹿毛[血統][産駒]Mr. Prospector系,Mr. Prospector1970 鹿毛[血統][産駒]
2019104828,キングズパレス,2023/10/09,4東京3,雨,10,六社S(3勝クラス),14,4,5,4.6,2,2,01085,松岡正海,58,芝2400,重,2:24.0,0.0,12-12-12-12,35.9-35.6,34.5,498(0),牡7歳,キングカメハメハ2001 鹿毛[血統][産駒]Mr. Prospector系,Mr. Prospector1970 鹿毛[血統][産駒]
2019104828,キングズパレス,2023/06/10,3東京3,曇,11,ジューンS(3勝クラス),18,8,16,2.4,1,4,01085,松岡正海,57,芝2400,良,2:23.5,0.2,11-11-8-9,35.3-35.8,34.1,498(-4),牡7歳,キングカメハメハ2001 鹿毛[血統][産駒]Mr. Prospector系,Mr. Prospector1970 鹿毛[血統][産駒]
2019104828,キングズパレス,2023/04/29,2東京3,晴,10,府中S(3勝クラス),11,8,11,4.7,3,2,01085,松岡正海,58,芝2000,良,1:58.0,0.2,9-9-7,36.4-33.7,33.3,502(-2),牡7歳,キングカメハメハ2001 鹿毛[血統][産駒]Mr. Prospector系,Mr. Prospector1970 鹿毛[血統][産駒]
2019104828,キングズパレス,2023/04/09,3中山6,晴,10,鹿野山特別(2勝クラス),10,5,5,1.5,1,1,01085,松岡正海,58,芝2000,良,1:59.7,-0.7,6-6-6-5,35.7-36.0,35.0,504(+2),牡7歳,キングカメハメハ2001 鹿毛[血統][産駒]Mr. Prospector系,Mr. Prospector1970 鹿毛[血統][産駒]
2019104828,キングズパレス,2023/02/11,1東京5,晴,9,箱根特別(2勝クラス),13,5,6,3.1,2,2,01085,松岡正海,57,芝2400,,2:26.5,0.2,12-12-9-8,37.6-33.7,33.2,502(+8),牡7歳,キングカメハメハ2001 鹿毛[血統][産駒]Mr. Prospector系,Mr. Prospector1970 鹿毛[血統][産駒]
2019104828,キングズパレス,2022/10/15,4東京4,晴,8,3歳以上2勝クラス,8,1,1,2.3,2,2,01085,松岡正海,54,芝2400,良,2:24.6,0.1,7-7-7-5,37.2-34.6,34.2,494(+4),牡7歳,キングカメハメハ2001 鹿毛[血統][産駒]Mr. Prospector系,Mr. Prospector1970 鹿毛[血統][産駒]
2019104828,キングズパレス,2022/09/19,4中山5,曇,11,朝日セントライト記念(GII),13,7,11,10.1,5,8,01085,松岡正海,56,芝2200,,2:13.2,1.4,12-12-9-8,35.4-35.3,35.6,490(0),牡7歳,キングカメハメハ2001 鹿毛[血統][産駒]Mr. Prospector系,Mr. Prospector1970 鹿毛[血統][産駒]
2019104828,キングズパレス,2022/06/18,3東京5,曇,8,3歳以上1勝クラス,8,5,5,1.6,1,1,01085,松岡正海,53,芝2400,良,2:27.6,-0.1,6-6-7-7,38.2-34.2,33.6,490(+4),牡7歳,キングカメハメハ2001 鹿毛[血統][産駒]Mr. Prospector系,Mr. Prospector1970 鹿毛[血統][産駒]
2019104828,キングズパレス,2022/05/07,2東京5,晴,11,プリンシパルS(L),15,2,4,22.5,9,2,01085,松岡正海,56,芝2000,良,1:59.1,0.1,15-15-15,35.7-34.8,33.8,486(-4),牡7歳,キングカメハメハ2001 鹿毛[血統][産駒]Mr. Prospector系,Mr. Prospector1970 鹿毛[血統][産駒]
2019104828,キングズパレス,2022/04/17,3中山8,晴,4,3歳未勝利,18,7,14,3.2,1,1,00666,武豊,56,芝2200,,2:14.9,-0.3,14-14-12-6,35.5-36.1,35.3,490(0),牡7歳,キングカメハメハ2001 鹿毛[血統][産駒]Mr. Prospector系,Mr. Prospector1970 鹿毛[血統][産駒]
2019104828,キングズパレス,2022/04/02,3中山3,晴,5,3歳未勝利,18,4,7,3.6,3,2,01085,松岡正海,56,芝2000,,2:02.7,0.5,13-13-9-7,37.0-35.3,35.1,490(+2),牡7歳,キングカメハメハ2001 鹿毛[血統][産駒]Mr. Prospector系,Mr. Prospector1970 鹿毛[血統][産駒]
2019104828,キングズパレス,2022/03/05,2中山3,晴,6,3歳未勝利,16,5,10,28.7,6,3,01085,松岡正海,56,芝1800,良,1:50.2,0.3,12-12-12-10,36.9-35.0,34.3,488(+6),牡7歳,キングカメハメハ2001 鹿毛[血統][産駒]Mr. Prospector系,Mr. Prospector1970 鹿毛[血統][産駒]
2019104828,キングズパレス,2021/08/28,4新潟5,曇,5,2歳新馬,15,8,14,6.1,3,9,01014,福永祐一,54,芝1800,良,1:49.5,2.1,12-12,36.1-34.7,35.8,482(0),牡7歳,キングカメハメハ2001 鹿毛[血統][産駒]Mr. Prospector系,Mr. Prospector1970 鹿毛[血統][産駒]
2019105195,ダノンベルーガ,2025/11/30,5東京8,晴,12,ジャパンC(GI),17,4,7,274.2,15,13,01197,佐々木大,58,芝2400,良,2:22.6,2.3,13-13-10-11,34.5-34.6,35.5,498(-10),未知,ハーツクライ2001 鹿毛[血統][産駒]Halo系,Halo1969 黒鹿毛[血統][産駒]
2019105195,ダノンベルーガ,2025/08/31,3新潟4,晴,11,新潟記念(GIII),16,4,7,11.5,5,13,01197,佐々木大,57,芝2000,良,1:59.0,1.0,5-5,35.6-33.2,33.7,508(+12),未知,ハーツクライ2001 鹿毛[血統][産駒]Halo系,Halo1969 黒鹿毛[血統][産駒]
2019105195,ダノンベルーガ,2024/12/22,5中山8,晴,11,有馬記念(GI),15,7,14,122.4,15,9,01126,松山弘平,58,芝2500,良,2:32.5,0.7,15-15-15-13,31.4-35.2,34.9,496(+4),未知,ハーツクライ2001 鹿毛[血統][産駒]Halo系,Halo1969 黒鹿毛[血統][産駒]
2019105195,ダノンベルーガ,2024/11/24,5東京8,晴,12,ジャパンC(GI),14,4,6,106.4,13,9,01126,松山弘平,58,芝2400,良,2:26.2,0.7,3-7-9-7,37.1-33.4,33.4,492(-6),未知,ハーツクライ2001 鹿毛[血統][産駒]Halo系,Halo1969 黒鹿毛[血統][産駒]
2019105195,ダノンベルーガ,2024/10/27,4東京8,曇,11,天皇賞(秋)(GI),15,6,10,14.3,5,14,05473,Ｃ．デム,58,芝2000,良,1:58.3,1.0,5-6-5,35.9-33.7,34.1,498(0),未知,ハーツクライ2001 鹿毛[血統][産駒]Halo系,Halo1969 黒鹿毛[血統][産駒]
2019105195,ダノンベルーガ,2024/03/30,メイダン,,,ドバイターフ(GI),16,,4,7.9,4,3,05509,モレイラ,57,芝1800,良,,,,,,,未知,ハーツクライ2001 鹿毛[血統][産駒]Halo系,Halo1969 黒鹿毛[血統][産駒]
2019105195,ダノンベルーガ,2023/11/26,5東京8,曇,12,ジャパンC(GI),18,5,10,32.5,6,6,05509,モレイラ,58,芝2400,良,2:23.2,1.4,11-11-11-11,35.5-36.5,33.8,498(-2),未知,ハーツクライ2001 鹿毛[血統][産駒]Halo系,Halo1969 黒鹿毛[血統][産駒]
2019105195,ダノンベルーガ,2023/10/29,4東京9,晴,11,天皇賞(秋)(GI),11,4,4,14.0,4,4,05509,モレイラ,58,芝2000,良,1:55.8,0.6,8-7-7,34.9-34.7,34.3,500(-8),未知,ハーツクライ2001 鹿毛[血統][産駒]Halo系,Halo1969 黒鹿毛[血統][産駒]
2019105195,ダノンベルーガ,2023/08/20,2札幌4,晴,11,札幌記念(GII),15,4,6,6.3,3,4,05509,モレイラ,58,芝2000,,2:02.8,1.3,12-12-7-3,35.5-36.4,37.1,508(0),未知,ハーツクライ2001 鹿毛[血統][産駒]Halo系,Halo1969 黒鹿毛[血統][産駒]
2019105195,ダノンベルーガ,2023/03/25,メイダン,晴,,ドバイターフ(GI),14,,2,3.5,1,2,05509,モレイラ,57,芝1800,良,,,,,,,未知,ハーツクライ2001 鹿毛[血統][産駒]Halo系,Halo1969 黒鹿毛[血統][産駒]
2019105195,ダノンベルーガ,2022/11/27,5東京8,晴,12,ジャパンC(GI),18,7,14,4.2,2,5,01088,川田将雅,55,芝2400,良,2:24.3,0.6,8-10-10-7,36.3-34.2,34.4,500(0),未知,ハーツクライ2001 鹿毛[血統][産駒]Halo系,Halo1969 黒鹿毛[血統][産駒]
2019105195,ダノンベルーガ,2022/10/30,4東京9,晴,11,天皇賞(秋)(GI),15,3,5,7.3,4,3,01088,川田将雅,56,芝2000,良,1:57.7,0.2,11-11-11,34.7-36.7,32.8,500(+6),未知,ハーツクライ2001 鹿毛[血統][産駒]Halo系,Halo1969 黒鹿毛[血統][産駒]
2019105195,ダノンベルーガ,2022/05/29,2東京12,晴,11,東京優駿(GI),18,6,12,3.5,1,4,01088,川田将雅,57,芝2400,良,2:22.3,0.4,10-10-11-11,35.1-35.2,34.3,494(-10),未知,ハーツクライ2001 鹿毛[血統][産駒]Halo系,Halo1969 黒鹿毛[血統][産駒]
2019105195,ダノンベルーガ,2022/04/17,3中山8,曇,11,皐月賞(GI),18,1,1,5.0,2,4,01088,川田将雅,57,芝2000,良,2:00.0,0.3,5-5-6-3,35.2-34.9,34.6,504(+2),未知,ハーツクライ2001 鹿毛[血統][産駒]Halo系,Halo1969 黒鹿毛[血統][産駒]
2019105195,ダノンベルーガ,2022/02/13,1東京6,雨,11,共同通信杯(GIII),11,8,10,3.9,3,1,01126,松山弘平,56,芝1800,,1:47.9,-0.2,6-6-5,36.1-34.3,33.7,502(+4),未知,ハーツクライ2001 鹿毛[血統][産駒]Halo系,Halo1969 黒鹿毛[血統][産駒]
2019105195,ダノンベルーガ,2021/11/21,5東京6,曇,6,2歳新馬,8,6,6,1.7,1,1,01077,石橋脩,55,芝2000,良,2:01.3,-0.3,5-5-5,37.1-33.9,33.1,498(0),未知,ハーツクライ2001 鹿毛[血統][産駒]Halo系,Halo1969 黒鹿毛[血統][産駒]
2020105424,シルトホルン,2026/05/09,2東京5,晴,11,エプソムC(GIII),17,4,8,29.1,8,7,01096,大野拓弥,57,芝1800,良,1:45.7,0.4,3-4-4,35.4-33.6,33.7,482(0),牡6歳,スクリーンヒーロー2004 栗毛[血統][産駒]Roberto系,Silver Hawk1979 鹿毛[血統][産駒]
2020105424,シルトホルン,2026/04/12,1福島2,晴,11,福島民報杯(L),15,8,14,7.0,3,3,01091,丹内祐次,58,芝2000,良,1:58.8,0.4,3-3-2-1,33.9-36.1,35.6,482(-2),牡6歳,スクリーンヒーロー2004 栗毛[血統][産駒]Roberto系,Silver Hawk1979 鹿毛[血統][産駒]
2020105424,シルトホルン,2026/02/22,1小倉10,晴,11,小倉大賞典(GIII),16,4,7,23.2,11,5,01203,石田拓郎,57,芝1800,良,1:45.8,0.6,10-10-11-11,35.4-35.1,34.7,484(-4),牡6歳,スクリーンヒーロー2004 栗毛[血統][産駒]Roberto系,Silver Hawk1979 鹿毛[血統][産駒]
2020105424,シルトホルン,2026/02/08,1小倉6,曇,11,小倉日経賞(OP),12,8,12,6.6,4,2,01157,鮫島克駿,58,芝2000,良,1:59.7,0.3,5-5-5-5,36.1-35.1,34.7,488(0),牡6歳,スクリーンヒーロー2004 栗毛[血統][産駒]Roberto系,Silver Hawk1979 鹿毛[血統][産駒]
2020105424,シルトホルン,2026/01/12,1中山5,晴,11,ニューイヤーS(L),14,8,14,17.1,7,11,01096,大野拓弥,58,芝1600,良,1:33.4,1.2,2-4-2,34.8-34.3,35.1,488(0),牡6歳,スクリーンヒーロー2004 栗毛[血統][産駒]Roberto系,Silver Hawk1979 鹿毛[血統][産駒]
2020105424,シルトホルン,2025/12/21,5中山6,曇,11,ディセンバーS(L),16,7,13,5.9,2,3,05386,戸崎圭太,58,芝1800,重,1:47.6,0.2,3-3-3-2,36.7-35.2,35.2,488(+22),牡6歳,スクリーンヒーロー2004 栗毛[血統][産駒]Roberto系,Silver Hawk1979 鹿毛[血統][産駒]
2020105424,シルトホルン,2025/10/25,3京都8,曇,11,カシオペアS(L),10,6,6,8.8,5,10,01115,浜中俊,58,芝1800,良,1:45.7,0.7,4-4,34.9-35.4,34.7,466(+2),牡6歳,スクリーンヒーロー2004 栗毛[血統][産駒]Roberto系,Silver Hawk1979 鹿毛[血統][産駒]
2020105424,シルトホルン,2025/10/05,4東京2,曇,11,毎日王冠(GII),11,6,7,36.0,8,9,01096,大野拓弥,57,芝1800,良,1:44.8,0.8,6-6-6,34.8-33.7,33.9,464(-14),牡6歳,スクリーンヒーロー2004 栗毛[血統][産駒]Roberto系,Silver Hawk1979 鹿毛[血統][産駒]
2020105424,シルトホルン,2025/07/13,2福島6,晴,11,七夕賞(GIII),15,7,12,10.7,4,4,01096,大野拓弥,57,芝2000,良,2:01.3,0.8,4-4-3-4,34.7-36.0,36.3,478(+2),牡6歳,スクリーンヒーロー2004 栗毛[血統][産駒]Roberto系,Silver Hawk1979 鹿毛[血統][産駒]
2020105424,シルトホルン,2025/06/14,3東京3,小雨,11,ジューンS(OP),15,5,8,8.4,5,1,01096,大野拓弥,57,芝1800,良,1:48.0,-0.1,5-5-5,36.3-34.7,34.2,476(-2),牡6歳,スクリーンヒーロー2004 栗毛[血統][産駒]Roberto系,Silver Hawk1979 鹿毛[血統][産駒]
2020105424,シルトホルン,2025/05/11,2東京6,晴,10,メトロポリタンS(L),10,2,2,4.6,3,5,01096,大野拓弥,57,芝2400,良,2:24.2,0.2,9-9-7-5,36.6-35.1,34.8,478(+2),牡6歳,スクリーンヒーロー2004 栗毛[血統][産駒]Roberto系,Silver Hawk1979 鹿毛[血統][産駒]
2020105424,シルトホルン,2025/02/23,1小倉10,曇,11,小倉大賞典(GIII),13,3,3,4.4,1,8,01095,吉田隼人,57,芝1800,良,1:46.6,0.5,12-13-11-11,35.9-36.2,34.3,476(-6),牡6歳,スクリーンヒーロー2004 栗毛[血統][産駒]Roberto系,Silver Hawk1979 鹿毛[血統][産駒]
2020105424,シルトホルン,2025/02/09,1小倉6,晴,11,小倉日経賞(OP),11,6,7,5.2,3,2,01096,大野拓弥,57,芝2000,,2:01.7,0.2,4-4-3-2,36.3-35.5,35.4,482(+14),牡6歳,スクリーンヒーロー2004 栗毛[血統][産駒]Roberto系,Silver Hawk1979 鹿毛[血統][産駒]
2020105424,シルトホルン,2024/10/27,4東京8,曇,11,天皇賞(秋)(GI),15,7,13,412.0,14,15,01096,大野拓弥,58,芝2000,良,1:58.4,1.1,2-2-2,35.9-33.7,34.6,468(+4),牡6歳,スクリーンヒーロー2004 栗毛[血統][産駒]Roberto系,Silver Hawk1979 鹿毛[血統][産駒]
2020105424,シルトホルン,2024/10/06,4東京2,曇,11,毎日王冠(GII),14,4,6,71.2,11,5,01092,津村明秀,57,芝1800,良,1:45.3,0.2,3-3-3,35.3-33.7,33.6,464(-8),牡6歳,スクリーンヒーロー2004 栗毛[血統][産駒]Roberto系,Silver Hawk1979 鹿毛[血統][産駒]
2020105424,シルトホルン,2024/07/27,2新潟1,曇,7,関越S(OP),15,7,12,5.9,4,13,00733,吉田豊,57,芝1800,良,1:45.8,1.8,5-5,35.0-34.1,35.6,472(+2),牡6歳,スクリーンヒーロー2004 栗毛[血統][産駒]Roberto系,Silver Hawk1979 鹿毛[血統][産駒]
2020105424,シルトホルン,2024/06/09,3東京4,曇,11,エプソムC(GIII),18,5,10,12.0,7,3,00733,吉田豊,57,芝1800,良,1:45.3,0.6,2-2-2,35.2-34.6,34.9,470(-6),牡6歳,スクリーンヒーロー2004 栗毛[血統][産駒]Roberto系,Silver Hawk1979 鹿毛[血統][産駒]
2020105424,シルトホルン,2024/05/18,2東京9,晴,11,メイS(OP),16,5,9,7.6,4,3,01096,大野拓弥,57,芝1800,良,1:45.2,0.1,1-1-1,35.7-34.2,34.3,476(+6),牡6歳,スクリーンヒーロー2004 栗毛[血統][産駒]Roberto系,Silver Hawk1979 鹿毛[血統][産駒]
2020105424,シルトホルン,2024/03/24,2阪神2,曇,11,六甲S(L),15,2,2,9.5,6,5,01160,荻野極,57,芝1600,重,1:34.6,0.3,3-2,34.4-35.1,35.3,470(-12),牡6歳,スクリーンヒーロー2004 栗毛[血統][産駒]Roberto系,Silver Hawk1979 鹿毛[血統][産駒]
2020105424,シルトホルン,2024/03/10,2中山6,晴,10,東風S(L),14,5,8,6.7,3,4,01096,大野拓弥,57,芝1600,良,1:33.9,0.5,4-4-4,34.6-35.8,35.6,482(0),牡6歳,スクリーンヒーロー2004 栗毛[血統][産駒]Roberto系,Silver Hawk1979 鹿毛[血統][産駒]
2020105424,シルトホルン,2024/01/27,1東京1,晴,11,白富士S(L),12,8,12,10.3,3,8,01096,大野拓弥,56,芝2000,良,1:58.1,0.9,2-2-2,35.3-34.1,34.9,482(+12),牡6歳,スクリーンヒーロー2004 栗毛[血統][産駒]Roberto系,Silver Hawk1979 鹿毛[血統][産駒]
2020105424,シルトホルン,2023/11/12,3福島4,曇,11,福島記念(GIII),16,3,5,4.8,1,6,01096,大野拓弥,55,芝2000,良,2:01.4,0.5,2-2-3-3,34.6-36.9,37.2,470(+8),牡6歳,スクリーンヒーロー2004 栗毛[血統][産駒]Roberto系,Silver Hawk1979 鹿毛[血統][産駒]
2020105424,シルトホルン,2023/10/15,4東京5,曇,11,オクトーバーS(L),15,5,8,5.8,2,2,01096,大野拓弥,55,芝2000,重,1:58.2,0.2,2-2-2,35.9-34.6,34.3,462(+2),牡6歳,スクリーンヒーロー2004 栗毛[血統][産駒]Roberto系,Silver Hawk1979 鹿毛[血統][産駒]
2020105424,シルトホルン,2023/09/18,4中山5,晴,11,朝日セントライト記念(GII),15,4,7,57.1,8,7,01096,大野拓弥,56,芝2200,良,2:12.4,1.0,5-4-4-4,35.2-34.4,35.1,460(+2),牡6歳,スクリーンヒーロー2004 栗毛[血統][産駒]Roberto系,Silver Hawk1979 鹿毛[血統][産駒]
2020105424,シルトホルン,2023/07/02,2福島2,晴,11,ラジオNIKKEI賞(GIII),16,4,7,13.7,4,2,01096,大野拓弥,54,芝1800,良,1:47.0,0.1,2-2-2-2,35.5-35.2,35.2,458(0),牡6歳,スクリーンヒーロー2004 栗毛[血統][産駒]Roberto系,Silver Hawk1979 鹿毛[血統][産駒]
2020105424,シルトホルン,2023/05/21,2東京10,曇,5,3歳1勝クラス,11,6,6,3.3,2,1,01096,大野拓弥,56,芝1600,良,1:33.1,-0.3,1-1,35.8-33.5,33.5,458(+6),牡6歳,スクリーンヒーロー2004 栗毛[血統][産駒]Roberto系,Silver Hawk1979 鹿毛[血統][産駒]
2020105424,シルトホルン,2023/04/29,2東京3,晴,6,3歳1勝クラス,13,5,6,5.6,3,2,01096,大野拓弥,56,芝1600,良,1:32.3,0.0,3-2,34.0-34.5,34.4,452(-2),牡6歳,スクリーンヒーロー2004 栗毛[血統][産駒]Roberto系,Silver Hawk1979 鹿毛[血統][産駒]
2020105424,シルトホルン,2023/03/19,2中山8,晴,11,フジTVスプリングS(GII),16,4,8,31.4,10,9,01179,菅原明良,56,芝1800,重,1:49.8,0.9,2-2-2-2,35.4-37.2,37.7,454(-6),牡6歳,スクリーンヒーロー2004 栗毛[血統][産駒]Roberto系,Silver Hawk1979 鹿毛[血統][産駒]
2020105424,シルトホルン,2023/02/19,1東京8,曇,6,3歳1勝クラス,12,2,2,7.6,5,4,01096,大野拓弥,56,芝1600,良,1:33.2,0.3,5-4,34.5-34.7,34.4,460(0),牡6歳,スクリーンヒーロー2004 栗毛[血統][産駒]Roberto系,Silver Hawk1979 鹿毛[血統][産駒]
2020105424,シルトホルン,2022/12/17,5中山5,曇,9,ひいらぎ賞(1勝クラス),13,4,4,6.9,4,2,01096,大野拓弥,55,芝1600,良,1:34.8,0.1,1-1-1,35.5-35.0,35.1,460(+2),牡6歳,スクリーンヒーロー2004 栗毛[血統][産駒]Roberto系,Silver Hawk1979 鹿毛[血統][産駒]
2020105424,シルトホルン,2022/11/19,5東京5,晴,11,東京スポーツ杯2歳S(GII),11,2,2,28.0,7,8,01096,大野拓弥,55,芝1800,良,1:46.4,0.6,1-2-1,35.2-34.9,35.5,458(+8),牡6歳,スクリーンヒーロー2004 栗毛[血統][産駒]Roberto系,Silver Hawk1979 鹿毛[血統][産駒]
2020105424,シルトホルン,2022/10/16,4東京5,曇,2,2歳未勝利,9,8,9,5.8,4,1,01096,大野拓弥,55,芝1800,良,1:47.7,-1.0,1-2-2,36.0-34.1,33.9,450(+2),牡6歳,スクリーンヒーロー2004 栗毛[血統][産駒]Roberto系,Silver Hawk1979 鹿毛[血統][産駒]
2020105424,シルトホルン,2022/08/06,1札幌5,曇,1,2歳未勝利,10,8,9,22.9,5,7,01115,浜中俊,54,芝1800,良,1:50.7,1.6,10-10-10-8,36.6-34.7,35.1,448(+2),牡6歳,スクリーンヒーロー2004 栗毛[血統][産駒]Roberto系,Silver Hawk1979 鹿毛[血統][産駒]
2020105424,シルトホルン,2022/07/17,1函館12,雨,5,2歳新馬,11,7,8,6.0,3,4,01115,浜中俊,54,芝1800,重,1:55.1,0.9,2-2-2-2,37.9-37.3,38.2,446(0),牡6歳,スクリーンヒーロー2004 栗毛[血統][産駒]Roberto系,Silver Hawk1979 鹿毛[血統][産駒]
2022105519,マスカレードボール,2026/04/26,シャティン,晴,9,QE2世C(GI),,,1,3.5,2,2,05339,ルメール,57,芝2000,良,,,,,,474,牡4歳,ドゥラメンテ2012 鹿毛[血統][産駒]Mr. Prospector系,Kingmambo(米)1990 鹿毛[血統][産駒]
2022105519,マスカレードボール,2025/11/30,5東京8,晴,12,ジャパンC(GI),17,7,15,2.5,1,2,05339,ルメール,56,芝2400,良,2:20.3,0.0,10-8-9-9,34.5-34.6,33.4,470(0),牡4歳,ドゥラメンテ2012 鹿毛[血統][産駒]Mr. Prospector系,Kingmambo(米)1990 鹿毛[血統][産駒]
2022105519,マスカレードボール,2025/11/02,4東京11,曇,11,天皇賞(秋)(GI),14,5,7,2.7,1,1,05339,ルメール,56,芝2000,良,1:58.6,-0.1,9-6-8,37.1-32.9,32.3,470(+4),牡4歳,ドゥラメンテ2012 鹿毛[血統][産駒]Mr. Prospector系,Kingmambo(米)1990 鹿毛[血統][産駒]
2022105519,マスカレードボール,2025/06/01,2東京12,晴,11,東京優駿(GI),18,8,17,6.8,3,2,01163,坂井瑠星,57,芝2400,良,2:23.8,0.1,8-8-7-7,35.7-34.8,33.7,466(+6),牡4歳,ドゥラメンテ2012 鹿毛[血統][産駒]Mr. Prospector系,Kingmambo(米)1990 鹿毛[血統][産駒]
2022105519,マスカレードボール,2025/04/20,3中山8,曇,11,皐月賞(GI),18,3,6,13.7,4,3,01170,横山武史,57,芝2000,良,1:57.3,0.3,11-10-14-13,34.5-34.8,33.9,460(-4),牡4歳,ドゥラメンテ2012 鹿毛[血統][産駒]Mr. Prospector系,Kingmambo(米)1990 鹿毛[血統][産駒]
2022105519,マスカレードボール,2025/02/16,1東京6,曇,11,共同通信杯(GIII),9,2,2,3.8,1,1,01163,坂井瑠星,57,芝1800,良,1:46.0,-0.1,2-3-3,36.4-34.2,33.7,464(-8),牡4歳,ドゥラメンテ2012 鹿毛[血統][産駒]Mr. Prospector系,Kingmambo(米)1990 鹿毛[血統][産駒]
2022105519,マスカレードボール,2024/12/28,5中山9,晴,11,ホープフルS(GI),18,8,18,9.9,4,11,05386,戸崎圭太,56,芝2000,良,2:01.7,1.2,14-14-12-10,36.0-35.5,35.5,472(0),牡4歳,ドゥラメンテ2012 鹿毛[血統][産駒]Mr. Prospector系,Kingmambo(米)1990 鹿毛[血統][産駒]
2022105519,マスカレードボール,2024/10/19,4東京5,晴,9,アイビーS(L),8,6,6,4.9,3,1,05386,戸崎圭太,56,芝1800,良,1:45.8,-0.2,3-3-3,35.7-34.3,33.4,472(+12),牡4歳,ドゥラメンテ2012 鹿毛[血統][産駒]Mr. Prospector系,Kingmambo(米)1990 鹿毛[血統][産駒]
2022105519,マスカレードボール,2024/08/11,3新潟2,晴,5,2歳新馬,13,5,7,1.6,1,1,05386,戸崎圭太,55,芝1600,良,1:35.8,-0.1,10-10,35.3-35.1,34.4,460(0),牡4歳,ドゥラメンテ2012 鹿毛[血統][産駒]Mr. Prospector系,Kingmambo(米)1990 鹿毛[血統][産駒]
2022105081,ミュージアムマイル,2025/12/28,5中山8,晴,11,有馬記念(GI),16,2,4,3.8,3,1,05473,Ｃ．デム,56,芝2500,良,2:31.5,-0.1,11-11-11-11,29.7-35.6,34.6,502(+2),牡4歳,リオンディーズ2013 黒鹿毛[血統][産駒]Mr. Prospector系,Kingmambo(米)1990 鹿毛[血統][産駒]
2022105081,ミュージアムマイル,2025/11/02,4東京11,曇,11,天皇賞(秋)(GI),14,6,9,7.4,3,2,05473,Ｃ．デム,56,芝2000,良,1:58.7,0.1,9-9-9,37.1-32.9,32.3,500(0),牡4歳,リオンディーズ2013 黒鹿毛[血統][産駒]Mr. Prospector系,Kingmambo(米)1990 鹿毛[血統][産駒]
2022105081,ミュージアムマイル,2025/09/15,4中山5,曇,11,朝日セントライト記念(GII),12,5,6,2.6,1,1,05386,戸崎圭太,57,芝2200,良,2:10.8,-0.1,8-8-6-6,35.6-34.9,34.4,500(+4),牡4歳,リオンディーズ2013 黒鹿毛[血統][産駒]Mr. Prospector系,Kingmambo(米)1990 鹿毛[血統][産駒]
2022105081,ミュージアムマイル,2025/06/01,2東京12,晴,11,東京優駿(GI),18,4,7,5.7,2,6,05585,レーン,57,芝2400,良,2:24.4,0.7,11-11-11-10,35.7-34.8,34.1,496(-4),牡4歳,リオンディーズ2013 黒鹿毛[血統][産駒]Mr. Prospector系,Kingmambo(米)1990 鹿毛[血統][産駒]
2022105081,ミュージアムマイル,2025/04/20,3中山8,曇,11,皐月賞(GI),18,6,11,10.6,3,1,05509,モレイラ,57,芝2000,良,1:57.0,-0.3,8-8-8-10,34.5-34.8,34.1,500(-2),牡4歳,リオンディーズ2013 黒鹿毛[血統][産駒]Mr. Prospector系,Kingmambo(米)1990 鹿毛[血統][産駒]
2022105081,ミュージアムマイル,2025/03/09,2中山4,晴,11,報知弥生ディープ記念(GII),14,7,11,2.9,1,4,00732,幸英明,57,芝2000,,2:01.5,0.2,9-9-9-4,35.9-37.2,36.5,502(+8),牡4歳,リオンディーズ2013 黒鹿毛[血統][産駒]Mr. Prospector系,Kingmambo(米)1990 鹿毛[血統][産駒]
2022105081,ミュージアムマイル,2024/12/15,7京都6,晴,11,朝日フューチュリティ(GI),16,2,4,3.7,2,2,05473,Ｃ．デム,56,芝1600,良,1:34.5,0.4,3-4,35.4-33.7,33.8,494(-2),牡4歳,リオンディーズ2013 黒鹿毛[血統][産駒]Mr. Prospector系,Kingmambo(米)1990 鹿毛[血統][産駒]
2022105081,ミュージアムマイル,2024/11/10,6京都4,晴,9,黄菊賞(1勝クラス),8,2,2,1.9,1,1,05473,Ｃ．デム,56,芝2000,良,2:00.0,-0.5,6-6-6-3,36.9-34.1,33.7,496(0),牡4歳,リオンディーズ2013 黒鹿毛[血統][産駒]Mr. Prospector系,Kingmambo(米)1990 鹿毛[血統][産駒]
2022105081,ミュージアムマイル,2024/10/05,5京都1,晴,3,2歳未勝利,8,4,4,1.9,1,1,00732,幸英明,56,芝1800,良,1:46.8,-0.2,3-3,36.2-34.6,34.2,496(-4),牡4歳,リオンディーズ2013 黒鹿毛[血統][産駒]Mr. Prospector系,Kingmambo(米)1990 鹿毛[血統][産駒]
2022105081,ミュージアムマイル,2024/08/24,2中京5,晴,5,2歳新馬,16,1,1,5.4,4,3,00732,幸英明,55,芝1600,良,1:35.5,0.4,15-12-10,36.4-34.5,34.1,500(0),牡4歳,リオンディーズ2013 黒鹿毛[血統][産駒]Mr. Prospector系,Kingmambo(米)1990 鹿毛[血統][産駒]
2020109107,シランケド,2025/11/02,4東京11,曇,11,天皇賞(秋)(GI),14,7,11,10.7,6,4,01170,横山武史,56,芝2000,良,1:58.8,0.2,14-14-14,37.1-32.9,31.7,516(+2),未知,デクラレーションオブウォー2009 鹿毛[血統][産駒]Danzig系,Danzig1977 鹿毛[血統][産駒]
2020109107,シランケド,2025/08/31,3新潟4,晴,11,新潟記念(GIII),16,6,12,3.4,2,1,01163,坂井瑠星,55,芝2000,良,1:58.0,-0.1,11-12,35.6-33.2,32.4,514(+6),未知,デクラレーションオブウォー2009 鹿毛[血統][産駒]Danzig系,Danzig1977 鹿毛[血統][産駒]
2020109107,シランケド,2025/05/18,2東京8,曇,11,ヴィクトリアマイル(GI),17,6,12,18.1,7,3,05212,Ｍ．デム,56,芝1600,良,1:32.1,0.0,15-17,33.9-35.3,33.2,508(+2),未知,デクラレーションオブウォー2009 鹿毛[血統][産駒]Danzig系,Danzig1977 鹿毛[血統][産駒]
2020109107,シランケド,2025/03/08,2中山3,曇,11,中山牝馬S(GIII),14,7,11,5.8,3,1,05212,Ｍ．デム,54,芝1800,良,1:47.1,0.0,8-9-7-7,36.5-35.7,34.7,506(-8),未知,デクラレーションオブウォー2009 鹿毛[血統][産駒]Danzig系,Danzig1977 鹿毛[血統][産駒]
2020109107,シランケド,2024/10/26,4新潟7,晴,11,魚沼S(3勝クラス),10,2,2,1.7,1,1,05212,Ｍ．デム,56,芝2000,良,1:59.5,-0.3,9-9,36.7-34.1,33.0,514(+8),未知,デクラレーションオブウォー2009 鹿毛[血統][産駒]Danzig系,Danzig1977 鹿毛[血統][産駒]
2020109107,シランケド,2024/07/06,2福島3,曇,10,猪苗代特別(2勝クラス),8,3,3,1.3,1,1,05212,Ｍ．デム,56,芝2000,良,1:59.4,-0.7,2-2-2-1,35.3-35.0,34.9,506(-6),未知,デクラレーションオブウォー2009 鹿毛[血統][産駒]Danzig系,Danzig1977 鹿毛[血統][産駒]
2020109107,シランケド,2024/04/14,3中山8,晴,8,野島崎特別(2勝クラス),9,7,7,1.8,1,2,05212,Ｍ．デム,56,芝2000,良,1:58.2,0.0,1-1-1-1,36.9-34.8,34.8,512(0),未知,デクラレーションオブウォー2009 鹿毛[血統][産駒]Danzig系,Danzig1977 鹿毛[血統][産駒]
2020109107,シランケド,2024/02/03,1小倉7,小雨,11,別府特別(2勝クラス),11,8,11,1.7,1,2,01124,国分恭介,55,芝1800,,1:49.9,0.2,9-9-6-6,37.1-36.4,34.6,512(-4),未知,デクラレーションオブウォー2009 鹿毛[血統][産駒]Danzig系,Danzig1977 鹿毛[血統][産駒]
2020109107,シランケド,2024/01/20,1小倉3,雨,10,戸畑特別(1勝クラス),17,3,6,2.7,1,1,01124,国分恭介,55,芝2000,,2:01.6,-0.9,14-14-5-2,36.0-35.9,35.7,516(+14),未知,デクラレーションオブウォー2009 鹿毛[血統][産駒]Danzig系,Danzig1977 鹿毛[血統][産駒]
2020109107,シランケド,2023/09/09,4中山1,晴,11,紫苑S(GII),17,7,13,45.2,9,3,01124,国分恭介,54,芝2000,,1:58.3,0.3,11-12-13-12,35.0-36.3,35.0,502(+2),未知,デクラレーションオブウォー2009 鹿毛[血統][産駒]Danzig系,Danzig1977 鹿毛[血統][産駒]
2020109107,シランケド,2023/08/19,3小倉3,晴,8,3歳以上1勝クラス,16,3,5,20.4,6,3,01124,国分恭介,53,芝1800,良,1:47.5,0.6,14-14-14-15,35.6-36.4,34.9,500(0),未知,デクラレーションオブウォー2009 鹿毛[血統][産駒]Danzig系,Danzig1977 鹿毛[血統][産駒]
2020109107,シランケド,2023/07/16,3中京6,晴,3,3歳未勝利,18,6,12,132.1,12,1,01124,国分恭介,54,芝1400,良,1:20.5,-0.1,16-16,33.6-35.5,34.2,500(+4),未知,デクラレーションオブウォー2009 鹿毛[血統][産駒]Danzig系,Danzig1977 鹿毛[血統][産駒]
2020109107,シランケド,2022/11/13,5阪神4,雨,3,2歳未勝利,14,2,2,,,取,05243,柴山雄一,54,芝1400,良,,,,34.9-36.3,,,未知,デクラレーションオブウォー2009 鹿毛[血統][産駒]Danzig系,Danzig1977 鹿毛[血統][産駒]
2020109107,シランケド,2022/10/30,4新潟6,曇,5,2歳新馬,18,1,2,27.5,6,9,01164,藤田菜七,52,芝1400,,1:25.2,1.3,17-15,35.2-36.6,35.6,496(0),未知,デクラレーションオブウォー2009 鹿毛[血統][産駒]Danzig系,Danzig1977 鹿毛[血統][産駒]
2021105436,アーバンシック,2026/03/15,1中京2,晴,11,東海テレビ杯金鯱賞(GII),14,3,4,11.9,7,14,01122,三浦皇成,58,芝2000,良,1:59.1,1.0,9-10-8-8,36.1-35.1,34.7,522(+5),牡5歳,スワーヴリチャード2014 栗毛[血統][産駒]Halo系,サンデーサイレンスSunday Silence(米)1986 青鹿毛[血統][産駒]
2021105436,アーバンシック,2025/12/14,シャティン,,4,香港ヴァーズ(GI),11,,6,3.8,2,10,05339,ルメール,57,芝2400,良,,,,,,517,牡5歳,スワーヴリチャード2014 栗毛[血統][産駒]Halo系,サンデーサイレンスSunday Silence(米)1986 青鹿毛[血統][産駒]
2021105436,アーバンシック,2025/11/02,4東京11,曇,11,天皇賞(秋)(GI),14,2,2,28.2,11,5,05678,プーシャ,58,芝2000,良,1:58.8,0.2,12-11-11,37.1-32.9,32.2,514(+2),牡5歳,スワーヴリチャード2014 栗毛[血統][産駒]Halo系,サンデーサイレンスSunday Silence(米)1986 青鹿毛[血統][産駒]
2021105436,アーバンシック,2025/06/15,3阪神4,晴,11,宝塚記念(GI),17,7,13,10.6,6,14,05339,ルメール,58,芝2200,,2:13.5,2.4,14-14-12-10,34.8-36.0,37.3,512(-2),牡5歳,スワーヴリチャード2014 栗毛[血統][産駒]Halo系,サンデーサイレンスSunday Silence(米)1986 青鹿毛[血統][産駒]
2021105436,アーバンシック,2025/03/29,3中山1,曇,11,日経賞(GII),15,4,7,1.7,1,3,05339,ルメール,58,芝2500,,2:36.2,0.1,9-10-8-7,31.1-37.2,36.6,514(-2),牡5歳,スワーヴリチャード2014 栗毛[血統][産駒]Halo系,サンデーサイレンスSunday Silence(米)1986 青鹿毛[血統][産駒]
2021105436,アーバンシック,2024/12/22,5中山8,晴,11,有馬記念(GI),15,2,3,2.8,1,6,05339,ルメール,56,芝2500,良,2:32.3,0.5,7-8-11-8,31.4-35.2,35.1,516(+6),牡5歳,スワーヴリチャード2014 栗毛[血統][産駒]Halo系,サンデーサイレンスSunday Silence(米)1986 青鹿毛[血統][産駒]
2021105436,アーバンシック,2024/10/20,5京都6,晴,11,菊花賞(GI),18,7,13,3.7,2,1,05339,ルメール,57,芝3000,良,3:04.1,-0.4,8-8-5-3,37.0-35.9,35.6,510(0),牡5歳,スワーヴリチャード2014 栗毛[血統][産駒]Halo系,サンデーサイレンスSunday Silence(米)1986 青鹿毛[血統][産駒]
2021105436,アーバンシック,2024/09/16,4中山5,曇,11,朝日セントライト記念(GII),14,1,1,3.1,2,1,05339,ルメール,57,芝2200,良,2:11.6,-0.3,9-6-5-7,36.2-34.6,34.0,510(-2),牡5歳,スワーヴリチャード2014 栗毛[血統][産駒]Halo系,サンデーサイレンスSunday Silence(米)1986 青鹿毛[血統][産駒]
2021105436,アーバンシック,2024/05/26,2東京12,晴,11,東京優駿(GI),17,4,8,8.3,4,11,01170,横山武史,57,芝2400,良,2:25.4,1.1,14-13-14-15,36.3-33.8,33.5,512(+2),牡5歳,スワーヴリチャード2014 栗毛[血統][産駒]Halo系,サンデーサイレンスSunday Silence(米)1986 青鹿毛[血統][産駒]
2021105436,アーバンシック,2024/04/14,3中山8,晴,11,皐月賞(GI),17,5,9,14.2,6,4,01170,横山武史,57,芝2000,良,1:57.5,0.4,13-13-13-10,34.2-35.8,34.1,510(-6),牡5歳,スワーヴリチャード2014 栗毛[血統][産駒]Halo系,サンデーサイレンスSunday Silence(米)1986 青鹿毛[血統][産駒]
2021105436,アーバンシック,2024/01/14,1中山5,晴,11,京成杯(GIII),14,4,6,3.0,2,2,01170,横山武史,57,芝2000,良,2:00.6,0.1,12-11-8-10,35.6-34.8,33.9,516(+4),牡5歳,スワーヴリチャード2014 栗毛[血統][産駒]Halo系,サンデーサイレンスSunday Silence(米)1986 青鹿毛[血統][産駒]
2021105436,アーバンシック,2023/11/05,5東京2,晴,9,百日草特別(1勝クラス),9,4,4,4.1,3,1,01170,横山武史,56,芝2000,良,1:59.4,-0.1,9-7-7,36.4-34.5,33.2,512(0),牡5歳,スワーヴリチャード2014 栗毛[血統][産駒]Halo系,サンデーサイレンスSunday Silence(米)1986 青鹿毛[血統][産駒]
2021105436,アーバンシック,2023/08/13,2札幌2,曇,5,2歳新馬,10,6,6,2.3,1,1,01170,横山武史,55,芝1800,良,1:53.1,0.0,4-5-4-4,39.0-34.5,34.2,512(0),牡5歳,スワーヴリチャード2014 栗毛[血統][産駒]Halo系,サンデーサイレンスSunday Silence(米)1986 青鹿毛[血統][産駒]
2021103272,メイショウタバル,2026/04/05,2阪神4,晴,11,大阪杯(GI),15,4,6,4.8,3,2,00666,武豊,58,芝2000,良,1:57.7,0.1,1-1-1-1,34.9-35.5,35.6,500(-12),牡5歳,ゴールドシップ2009 芦毛[血統][産駒]Halo系,サンデーサイレンスSunday Silence(米)1986 青鹿毛[血統][産駒]
2021103272,メイショウタバル,2025/12/28,5中山8,晴,11,有馬記念(GI),16,3,6,5.8,4,13,00666,武豊,58,芝2500,良,2:32.6,1.1,2-2-1-1,29.7-35.6,36.7,512(+4),牡5歳,ゴールドシップ2009 芦毛[血統][産駒]Halo系,サンデーサイレンスSunday Silence(米)1986 青鹿毛[血統][産駒]
2021103272,メイショウタバル,2025/11/02,4東京11,曇,11,天皇賞(秋)(GI),14,8,13,8.6,5,6,00666,武豊,58,芝2000,良,1:58.8,0.2,1-1-1,37.1-32.9,33.1,508(+4),牡5歳,ゴールドシップ2009 芦毛[血統][産駒]Halo系,サンデーサイレンスSunday Silence(米)1986 青鹿毛[血統][産駒]
2021103272,メイショウタバル,2025/06/15,3阪神4,晴,11,宝塚記念(GI),17,6,12,11.4,7,1,00666,武豊,58,芝2200,,2:11.1,-0.5,1-1-1-1,34.8-36.0,36.0,504(0),牡5歳,ゴールドシップ2009 芦毛[血統][産駒]Halo系,サンデーサイレンスSunday Silence(米)1986 青鹿毛[血統][産駒]
2021103272,メイショウタバル,2025/04/05,メイダン,,,ドバイターフ(GI),11,,6,19.0,5,5,00666,武豊,57,芝1800,良,,,,,19.0,,牡5歳,ゴールドシップ2009 芦毛[血統][産駒]Halo系,サンデーサイレンスSunday Silence(米)1986 青鹿毛[血統][産駒]
2021103272,メイショウタバル,2025/01/19,1中京7,晴,11,日経新春杯(GII),16,3,6,5.3,2,11,01115,浜中俊,57.5,芝2200,良,2:11.9,2.1,1-1-1-1,34.5-37.4,39.5,510(+8),牡5歳,ゴールドシップ2009 芦毛[血統][産駒]Halo系,サンデーサイレンスSunday Silence(米)1986 青鹿毛[血統][産駒]
2021103272,メイショウタバル,2024/10/20,5京都6,晴,11,菊花賞(GI),18,5,10,9.6,5,16,01115,浜中俊,57,芝3000,良,3:09.3,5.2,2-2-2-10,37.0-35.9,40.7,502(+6),牡5歳,ゴールドシップ2009 芦毛[血統][産駒]Halo系,サンデーサイレンスSunday Silence(米)1986 青鹿毛[血統][産駒]
2021103272,メイショウタバル,2024/09/22,3中京7,曇,11,神戸新聞杯(GII),14,8,15,5.4,2,1,01115,浜中俊,57,芝2200,,2:11.8,-0.1,1-1-1-1,35.4-36.0,36.0,496(-4),牡5歳,ゴールドシップ2009 芦毛[血統][産駒]Halo系,サンデーサイレンスSunday Silence(米)1986 青鹿毛[血統][産駒]
2021103272,メイショウタバル,2024/05/26,2東京12,晴,11,東京優駿(GI),17,8,16,,,取,01115,浜中俊,57,芝2400,良,,,,36.3-33.8,,,牡5歳,ゴールドシップ2009 芦毛[血統][産駒]Halo系,サンデーサイレンスSunday Silence(米)1986 青鹿毛[血統][産駒]
2021103272,メイショウタバル,2024/04/14,3中山8,晴,11,皐月賞(GI),17,1,2,7.0,4,17,01115,浜中俊,57,芝2000,良,1:59.3,2.2,1-1-1-1,34.2-35.8,38.0,500(0),牡5歳,ゴールドシップ2009 芦毛[血統][産駒]Halo系,サンデーサイレンスSunday Silence(米)1986 青鹿毛[血統][産駒]
2021103272,メイショウタバル,2024/03/23,2阪神1,曇,11,毎日杯(GIII),10,4,4,9.4,5,1,01163,坂井瑠星,57,芝1800,重,1:46.0,-1.0,1-1,35.2-34.4,34.4,500(0),牡5歳,ゴールドシップ2009 芦毛[血統][産駒]Halo系,サンデーサイレンスSunday Silence(米)1986 青鹿毛[血統][産駒]
2021103272,メイショウタバル,2024/02/17,2京都7,晴,9,つばき賞(1勝クラス),9,5,5,6.1,3,1,01115,浜中俊,57,芝1800,良,1:46.9,0.0,3-1,36.3-34.0,34.0,500(-2),牡5歳,ゴールドシップ2009 芦毛[血統][産駒]Halo系,サンデーサイレンスSunday Silence(米)1986 青鹿毛[血統][産駒]
2021103272,メイショウタバル,2024/01/20,1京都6,曇,9,若駒S(L),7,4,4,,,除,01115,浜中俊,57,芝2000,重,,,,36.0-36.6,,490(-12),牡5歳,ゴールドシップ2009 芦毛[血統][産駒]Halo系,サンデーサイレンスSunday Silence(米)1986 青鹿毛[血統][産駒]
2021103272,メイショウタバル,2023/12/24,5阪神8,晴,3,2歳未勝利,14,5,7,3.3,1,1,01115,浜中俊,56,芝2000,良,2:00.6,-0.2,6-7-8-6,36.0-35.3,34.7,502(-2),牡5歳,ゴールドシップ2009 芦毛[血統][産駒]Halo系,サンデーサイレンスSunday Silence(米)1986 青鹿毛[血統][産駒]
2021103272,メイショウタバル,2023/10/28,2京都8,晴,3,2歳未勝利,10,7,7,3.9,2,5,01199,角田大河,55,芝1800,良,1:48.3,0.4,5-5,35.6-35.1,55.0,504(+2),牡5歳,ゴールドシップ2009 芦毛[血統][産駒]Halo系,サンデーサイレンスSunday Silence(米)1986 青鹿毛[血統][産駒]
2021103272,メイショウタバル,2023/10/09,2京都3,曇,5,2歳新馬,10,5,5,5.3,3,4,01199,角田大河,55,芝2000,重,2:05.9,0.4,8-8-8-9,38.1-34.4,34.2,502(0),牡5歳,ゴールドシップ2009 芦毛[血統][産駒]Halo系,サンデーサイレンスSunday Silence(米)1986 青鹿毛[血統][産駒]
2019102632,セイウンハーデス,2026/04/05,2阪神4,晴,11,大阪杯(GI),15,2,3,64.9,9,5,00732,幸英明,58,芝2000,良,1:58.0,0.4,3-4-3-4,34.9-35.5,35.3,474(0),牡7歳,シルバーステート2013 青鹿毛[血統][産駒]Halo系,サンデーサイレンスSunday Silence(米)1986 青鹿毛[血統][産駒]
2019102632,セイウンハーデス,2026/03/01,2中山2,晴,11,中山記念(GII),14,1,1,3.4,1,12,00732,幸英明,57,芝1800,良,1:45.9,0.8,1-1-1-1,36.3-34.4,35.2,474(+2),牡7歳,シルバーステート2013 青鹿毛[血統][産駒]Halo系,サンデーサイレンスSunday Silence(米)1986 青鹿毛[血統][産駒]
2019102632,セイウンハーデス,2025/11/30,5東京8,晴,12,ジャパンC(GI),17,5,9,162.1,13,12,01092,津村明秀,58,芝2400,良,2:22.6,2.3,1-1-1-1,34.5-34.6,36.9,472(0),牡7歳,シルバーステート2013 青鹿毛[血統][産駒]Halo系,サンデーサイレンスSunday Silence(米)1986 青鹿毛[血統][産駒]
2019102632,セイウンハーデス,2025/11/02,4東京11,曇,11,天皇賞(秋)(GI),14,7,12,27.7,10,7,01179,菅原明良,58,芝2000,良,1:59.0,0.4,9-12-11,37.1-32.9,32.4,472(-10),牡7歳,シルバーステート2013 青鹿毛[血統][産駒]Halo系,サンデーサイレンスSunday Silence(米)1986 青鹿毛[血統][産駒]
2019102632,セイウンハーデス,2025/05/10,2東京5,曇,11,エプソムC(GIII),18,8,16,13.2,6,1,00732,幸英明,57,芝1800,,1:43.9,-0.3,6-8-8,34.2-35.1,34.3,482(-6),牡7歳,シルバーステート2013 青鹿毛[血統][産駒]Halo系,サンデーサイレンスSunday Silence(米)1986 青鹿毛[血統][産駒]
2019102632,セイウンハーデス,2025/02/16,1京都6,曇,11,京都記念(GII),12,8,11,8.4,4,8,00732,幸英明,57,芝2200,,2:16.5,0.8,2-2-2-2,37.0-34.6,35.4,488(-2),牡7歳,シルバーステート2013 青鹿毛[血統][産駒]Halo系,サンデーサイレンスSunday Silence(米)1986 青鹿毛[血統][産駒]
2019102632,セイウンハーデス,2024/11/30,7京都1,晴,11,チャレンジC(GIII),15,6,11,16.5,9,5,00732,幸英明,57,芝2000,良,1:59.1,0.9,3-3-4-1,34.7-35.4,36.1,490(+14),牡7歳,シルバーステート2013 青鹿毛[血統][産駒]Halo系,サンデーサイレンスSunday Silence(米)1986 青鹿毛[血統][産駒]
2019102632,セイウンハーデス,2023/07/09,2福島4,曇,11,七夕賞(GIII),16,8,15,5.2,2,1,00732,幸英明,57,芝2000,良,1:59.8,-0.2,3-4-2-2,35.5-35.0,34.9,476(-2),牡7歳,シルバーステート2013 青鹿毛[血統][産駒]Halo系,サンデーサイレンスSunday Silence(米)1986 青鹿毛[血統][産駒]
2019102632,セイウンハーデス,2023/05/07,1新潟4,雨,11,新潟大賞典(GIII),16,3,6,4.8,2,2,01092,津村明秀,56,芝2000,,2:03.9,0.1,1-1,35.9-36.5,36.6,478(-2),牡7歳,シルバーステート2013 青鹿毛[血統][産駒]Halo系,サンデーサイレンスSunday Silence(米)1986 青鹿毛[血統][産駒]
2019102632,セイウンハーデス,2023/04/09,2阪神6,晴,10,競馬法100周年記念(3勝クラス),16,6,12,4.4,2,1,00732,幸英明,57,芝2000,良,1:58.9,-0.2,3-3-5-5,37.0-34.9,34.5,480(+14),牡7歳,シルバーステート2013 青鹿毛[血統][産駒]Halo系,サンデーサイレンスSunday Silence(米)1986 青鹿毛[血統][産駒]
2019102632,セイウンハーデス,2022/10/23,4阪神7,晴,11,菊花賞(GI),18,5,10,61.1,12,17,00732,幸英明,57,芝3000,良,3:07.6,5.2,1-1-1-2,34.9-37.0,42.2,466(-8),牡7歳,シルバーステート2013 青鹿毛[血統][産駒]Halo系,サンデーサイレンスSunday Silence(米)1986 青鹿毛[血統][産駒]
2019102632,セイウンハーデス,2022/09/19,4中山5,曇,11,朝日セントライト記念(GII),13,4,5,27.6,7,4,00732,幸英明,56,芝2200,,2:12.7,0.9,2-2-2-2,35.4-35.3,36.0,474(+2),牡7歳,シルバーステート2013 青鹿毛[血統][産駒]Halo系,サンデーサイレンスSunday Silence(米)1986 青鹿毛[血統][産駒]
2019102632,セイウンハーデス,2022/05/29,2東京12,晴,11,東京優駿(GI),18,1,2,150.0,16,11,00732,幸英明,57,芝2400,良,2:23.9,2.0,6-7-4-5,35.1-35.2,36.4,472(+4),牡7歳,シルバーステート2013 青鹿毛[血統][産駒]Halo系,サンデーサイレンスSunday Silence(米)1986 青鹿毛[血統][産駒]
2019102632,セイウンハーデス,2022/05/07,2東京5,晴,11,プリンシパルS(L),15,4,8,10.1,6,1,00732,幸英明,56,芝2000,良,1:59.0,-0.1,4-5-3,35.7-34.8,34.5,468(-8),牡7歳,シルバーステート2013 青鹿毛[血統][産駒]Halo系,サンデーサイレンスSunday Silence(米)1986 青鹿毛[血統][産駒]
2019102632,セイウンハーデス,2022/03/26,2阪神1,小雨,11,毎日杯(GIII),10,3,3,37.1,7,4,00732,幸英明,56,芝1800,,1:47.9,0.4,4-5,35.9-35.6,35.6,476(+4),牡7歳,シルバーステート2013 青鹿毛[血統][産駒]Halo系,サンデーサイレンスSunday Silence(米)1986 青鹿毛[血統][産駒]
2019102632,セイウンハーデス,2022/02/13,1阪神2,雨,8,こぶし賞(1勝クラス),6,3,3,8.3,4,2,00732,幸英明,56,芝1600,,1:36.9,0.0,1-1,38.0-33.6,33.6,472(0),牡7歳,シルバーステート2013 青鹿毛[血統][産駒]Halo系,サンデーサイレンスSunday Silence(米)1986 青鹿毛[血統][産駒]
2019102632,セイウンハーデス,2021/12/05,6中京2,曇,9,こうやまき賞(1勝クラス),9,8,8,10.9,5,5,00732,幸英明,55,芝1600,良,1:35.6,0.3,3-4-4,36.3-35.2,35.2,472(+10),牡7歳,シルバーステート2013 青鹿毛[血統][産駒]Halo系,サンデーサイレンスSunday Silence(米)1986 青鹿毛[血統][産駒]
2019102632,セイウンハーデス,2021/10/31,4阪神8,曇,4,2歳新馬,16,6,11,2.6,1,1,00732,幸英明,55,芝1400,良,1:22.9,-0.2,2-2,35.1-35.7,35.5,462(0),牡7歳,シルバーステート2013 青鹿毛[血統][産駒]Halo系,サンデーサイレンスSunday Silence(米)1986 青鹿毛[血統][産駒]
2021105414,クイーンズウォーク,2026/05/17,2東京8,晴,11,ヴィクトリアマイル(GI),18,4,7,8.8,3,3,01171,西村淳也,56,芝1600,良,1:31.4,0.5,8-10,34.6-33.6,33.1,544(+2),牝5歳,キズナ2010 青鹿毛[血統][産駒]Halo系,サンデーサイレンスSunday Silence(米)1986 青鹿毛[血統][産駒]
2021105414,クイーンズウォーク,2026/03/15,1中京2,晴,11,東海テレビ杯金鯱賞(GII),14,7,12,3.6,1,3,01088,川田将雅,56,芝2000,良,1:58.2,0.1,5-5-6-6,36.1-35.1,34.1,542(0),牝5歳,キズナ2010 青鹿毛[血統][産駒]Halo系,サンデーサイレンスSunday Silence(米)1986 青鹿毛[血統][産駒]
2021105414,クイーンズウォーク,2025/11/02,4東京11,曇,11,天皇賞(秋)(GI),14,8,14,25.1,9,9,01088,川田将雅,56,芝2000,良,1:59.0,0.4,7-6-6,37.1-32.9,32.8,542(+6),牝5歳,キズナ2010 青鹿毛[血統][産駒]Halo系,サンデーサイレンスSunday Silence(米)1986 青鹿毛[血統][産駒]
2021105414,クイーンズウォーク,2025/08/31,3新潟4,晴,11,新潟記念(GIII),16,3,6,,,除,01088,川田将雅,57,芝2000,良,,,,35.6-33.2,,540(+4),牝5歳,キズナ2010 青鹿毛[血統][産駒]Halo系,サンデーサイレンスSunday Silence(米)1986 青鹿毛[血統][産駒]
2021105414,クイーンズウォーク,2025/05/18,2東京8,曇,11,ヴィクトリアマイル(GI),17,8,16,8.5,4,2,01088,川田将雅,56,芝1600,良,1:32.1,0.0,13-12,33.9-35.3,33.6,536(+2),牝5歳,キズナ2010 青鹿毛[血統][産駒]Halo系,サンデーサイレンスSunday Silence(米)1986 青鹿毛[血統][産駒]
2021105414,クイーンズウォーク,2025/03/16,2中京2,小雨,11,東海テレビ杯金鯱賞(GII),10,6,6,8.2,4,1,01088,川田将雅,55,芝2000,重,2:01.3,0.0,3-3-3-3,35.7-38.6,36.3,534(0),牝5歳,キズナ2010 青鹿毛[血統][産駒]Halo系,サンデーサイレンスSunday Silence(米)1986 青鹿毛[血統][産駒]
2021105414,クイーンズウォーク,2025/01/25,1小倉1,晴,11,小倉牝馬S(GIII),18,5,9,3.5,1,6,01088,川田将雅,55.5,芝2000,良,1:58.7,0.3,6-6-4-2,33.9-36.3,36.2,534(+10),牝5歳,キズナ2010 青鹿毛[血統][産駒]Halo系,サンデーサイレンスSunday Silence(米)1986 青鹿毛[血統][産駒]
2021105414,クイーンズウォーク,2024/10/13,5京都4,晴,11,秋華賞(GI),15,2,3,6.8,3,15,01088,川田将雅,55,芝2000,良,1:59.6,2.5,14-14-9-7,34.5-36.7,36.5,524(+2),牝5歳,キズナ2010 青鹿毛[血統][産駒]Halo系,サンデーサイレンスSunday Silence(米)1986 青鹿毛[血統][産駒]
2021105414,クイーンズウォーク,2024/09/15,3中京4,曇,11,関西TVローズS(GII),15,2,2,4.9,2,1,01088,川田将雅,55,芝2000,,1:59.9,-0.2,7-6-6-6,36.1-35.6,33.5,522(0),牝5歳,キズナ2010 青鹿毛[血統][産駒]Halo系,サンデーサイレンスSunday Silence(米)1986 青鹿毛[血統][産駒]
2021105414,クイーンズウォーク,2024/05/19,2東京10,曇,11,優駿牝馬(GI),18,1,2,11.5,5,4,01088,川田将雅,55,芝2400,良,2:24.4,0.4,5-5-5-4,34.7-35.1,34.7,522(+8),牝5歳,キズナ2010 青鹿毛[血統][産駒]Halo系,サンデーサイレンスSunday Silence(米)1986 青鹿毛[血統][産駒]
2021105414,クイーンズウォーク,2024/04/07,2阪神6,晴,11,桜花賞(GI),18,1,2,5.7,3,8,01088,川田将雅,55,芝1600,良,1:32.8,0.6,8-8,34.5-34.1,34.1,514(-2),牝5歳,キズナ2010 青鹿毛[血統][産駒]Halo系,サンデーサイレンスSunday Silence(米)1986 青鹿毛[血統][産駒]
2021105414,クイーンズウォーク,2024/02/10,1東京5,晴,11,デイリー杯クイーンC(GIII),13,8,13,3.1,1,1,01088,川田将雅,55,芝1600,良,1:33.1,-0.1,11-11,35.4-34.4,33.4,516(-4),牝5歳,キズナ2010 青鹿毛[血統][産駒]Halo系,サンデーサイレンスSunday Silence(米)1986 青鹿毛[血統][産駒]
2021105414,クイーンズウォーク,2023/12/23,5阪神7,晴,4,2歳未勝利,14,4,6,1.5,1,1,01088,川田将雅,55,芝1800,良,1:48.3,-0.3,5-4,35.4-34.4,33.7,520(+2),牝5歳,キズナ2010 青鹿毛[血統][産駒]Halo系,サンデーサイレンスSunday Silence(米)1986 青鹿毛[血統][産駒]
2021105414,クイーンズウォーク,2023/11/11,3京都3,晴,5,2歳新馬,11,8,11,1.7,1,2,01088,川田将雅,55,芝1800,,1:50.5,0.1,4-2,36.9-33.9,33.6,518(0),牝5歳,キズナ2010 青鹿毛[血統][産駒]Halo系,サンデーサイレンスSunday Silence(米)1986 青鹿毛[血統][産駒]
2020103242,ブレイディヴェーグ,2025/11/30,5東京8,晴,12,ジャパンC(GI),17,7,13,41.5,9,6,05626,マーカン,56,芝2400,良,2:21.0,0.7,15-15-16-16,34.5-34.6,33.4,474(0),未知,ロードカナロア2008 鹿毛[血統][産駒]Mr. Prospector系,Kingmambo(米)1990 鹿毛[血統][産駒]
2020103242,ブレイディヴェーグ,2025/11/02,4東京11,曇,11,天皇賞(秋)(GI),14,4,6,7.7,4,10,05386,戸崎圭太,56,芝2000,良,1:59.1,0.5,13-13-13,37.1-32.9,32.3,474(-2),未知,ロードカナロア2008 鹿毛[血統][産駒]Mr. Prospector系,Kingmambo(米)1990 鹿毛[血統][産駒]
2020103242,ブレイディヴェーグ,2025/08/31,3新潟4,晴,11,新潟記念(GIII),16,1,1,4.7,3,6,01092,津村明秀,56,芝2000,良,1:58.3,0.3,5-5,35.6-33.2,33.1,476(+6),未知,ロードカナロア2008 鹿毛[血統][産駒]Mr. Prospector系,Kingmambo(米)1990 鹿毛[血統][産駒]
2020103242,ブレイディヴェーグ,2025/06/08,3東京2,曇,11,安田記念(GI),18,8,18,9.4,4,4,05386,戸崎圭太,56,芝1600,良,1:33.0,0.3,8-8,35.0-34.3,34.1,470(0),未知,ロードカナロア2008 鹿毛[血統][産駒]Mr. Prospector系,Kingmambo(米)1990 鹿毛[血統][産駒]
2020103242,ブレイディヴェーグ,2025/04/05,メイダン,,,ドバイターフ(GI),11,,10,12.4,3,7,05339,ルメール,55,芝1800,良,,,,,12.4,,未知,ロードカナロア2008 鹿毛[血統][産駒]Mr. Prospector系,Kingmambo(米)1990 鹿毛[血統][産駒]
2020103242,ブレイディヴェーグ,2025/02/09,1東京4,晴,11,東京新聞杯(GIII),16,4,7,2.6,1,4,05339,ルメール,56,芝1600,良,1:32.8,0.2,9-8,34.6-34.9,33.6,482(+14),未知,ロードカナロア2008 鹿毛[血統][産駒]Mr. Prospector系,Kingmambo(米)1990 鹿毛[血統][産駒]
2020103242,ブレイディヴェーグ,2024/11/17,6京都6,曇,11,マイルチャンピオンS(GI),17,1,2,3.7,1,4,05339,ルメール,56,芝1600,良,1:32.4,0.4,9-10,33.8-34.5,34.1,468(-4),未知,ロードカナロア2008 鹿毛[血統][産駒]Mr. Prospector系,Kingmambo(米)1990 鹿毛[血統][産駒]
2020103242,ブレイディヴェーグ,2024/10/14,4東京4,晴,11,アイルランド府中牝馬(GII),15,3,5,3.6,2,1,05339,ルメール,57,芝1800,良,1:44.7,-0.2,10-10-10,35.1-34.1,32.8,472(+12),未知,ロードカナロア2008 鹿毛[血統][産駒]Mr. Prospector系,Kingmambo(米)1990 鹿毛[血統][産駒]
2020103242,ブレイディヴェーグ,2023/11/12,3京都4,曇,11,エリザベス女王杯(GI),15,1,1,2.4,1,1,05339,ルメール,54,芝2200,良,2:12.6,-0.1,5-5-5-5,36.5-35.1,34.4,460(0),未知,ロードカナロア2008 鹿毛[血統][産駒]Mr. Prospector系,Kingmambo(米)1990 鹿毛[血統][産駒]
2020103242,ブレイディヴェーグ,2023/09/17,4阪神4,晴,11,関西TVローズS(GII),17,3,5,2.1,1,2,05339,ルメール,54,芝1800,良,1:43.2,0.2,13-13,34.4-34.0,32.9,460(-6),未知,ロードカナロア2008 鹿毛[血統][産駒]Mr. Prospector系,Kingmambo(米)1990 鹿毛[血統][産駒]
2020103242,ブレイディヴェーグ,2023/06/25,3東京8,晴,7,3歳以上1勝クラス,11,7,8,1.4,1,1,05386,戸崎圭太,53,芝2000,良,1:57.9,-0.5,6-6-6,35.1-34.2,33.6,466(+4),未知,ロードカナロア2008 鹿毛[血統][産駒]Mr. Prospector系,Kingmambo(米)1990 鹿毛[血統][産駒]
2020103242,ブレイディヴェーグ,2023/02/11,1東京5,晴,6,3歳未勝利,16,5,10,1.2,1,1,05339,ルメール,54,芝1800,,1:48.1,-1.0,3-2-2,37.0-33.5,33.3,462(-2),未知,ロードカナロア2008 鹿毛[血統][産駒]Mr. Prospector系,Kingmambo(米)1990 鹿毛[血統][産駒]
2020103242,ブレイディヴェーグ,2022/08/21,3新潟4,晴,5,2歳新馬,13,4,4,2.2,1,2,01014,福永祐一,54,芝1800,,1:50.2,0.0,7-7,38.3-33.0,32.3,464(0),未知,ロードカナロア2008 鹿毛[血統][産駒]Mr. Prospector系,Kingmambo(米)1990 鹿毛[血統][産駒]
2021101436,エコロヴァルツ,2026/04/05,2阪神4,晴,11,大阪杯(GI),15,5,8,45.4,7,14,01115,浜中俊,58,芝2000,良,2:00.8,3.2,8-8-9-7,34.9-35.5,37.9,496(+4),牡5歳,ブラックタイド2001 黒鹿毛[血統][産駒]Halo系,Halo1969 黒鹿毛[血統][産駒]
2021101436,エコロヴァルツ,2026/03/01,2中山2,晴,11,中山記念(GII),14,6,10,3.6,2,3,01170,横山武史,57,芝1800,良,1:45.4,0.3,3-3-3-3,36.3-34.4,34.2,492(-4),牡5歳,ブラックタイド2001 黒鹿毛[血統][産駒]Halo系,Halo1969 黒鹿毛[血統][産駒]
2021101436,エコロヴァルツ,2025/11/22,3福島5,晴,11,福島記念(GIII),16,4,8,3.4,1,2,05678,プーシャ,58.5,芝2000,良,2:00.1,0.2,4-8-7-7,36.1-34.2,33.8,496(+2),牡5歳,ブラックタイド2001 黒鹿毛[血統][産駒]Halo系,Halo1969 黒鹿毛[血統][産駒]
2021101436,エコロヴァルツ,2025/11/02,4東京11,曇,11,天皇賞(秋)(GI),14,6,10,89.4,13,11,01122,三浦皇成,58,芝2000,良,1:59.2,0.6,4-3-3,37.1-32.9,33.3,494(+8),牡5歳,ブラックタイド2001 黒鹿毛[血統][産駒]Halo系,Halo1969 黒鹿毛[血統][産駒]
2021101436,エコロヴァルツ,2025/08/17,3中京8,晴,7,中京記念(GIII),12,6,8,3.8,2,4,01163,坂井瑠星,57,芝1600,良,1:32.5,0.2,4-4-4,35.4-33.9,33.5,486(-6),牡5歳,ブラックタイド2001 黒鹿毛[血統][産駒]Halo系,Halo1969 黒鹿毛[血統][産駒]
2021101436,エコロヴァルツ,2025/06/08,3東京2,曇,11,安田記念(GI),18,4,8,18.8,7,7,05212,Ｍ．デム,58,芝1600,良,1:33.2,0.5,8-8,35.0-34.3,34.2,492(0),牡5歳,ブラックタイド2001 黒鹿毛[血統][産駒]Halo系,Halo1969 黒鹿毛[血統][産駒]
2021101436,エコロヴァルツ,2025/04/06,2阪神4,晴,11,大阪杯(GI),15,8,14,32.3,10,4,05212,Ｍ．デム,58,芝2000,良,1:56.5,0.3,8-8-10-10,34.9-35.1,33.8,492(+4),牡5歳,ブラックタイド2001 黒鹿毛[血統][産駒]Halo系,Halo1969 黒鹿毛[血統][産駒]
2021101436,エコロヴァルツ,2025/03/02,2中山2,晴,11,中山記念(GII),16,2,4,6.9,3,2,05212,Ｍ．デム,57,芝1800,良,1:44.8,0.0,2-3-5-3,35.6-34.8,34.2,488(0),牡5歳,ブラックタイド2001 黒鹿毛[血統][産駒]Halo系,Halo1969 黒鹿毛[血統][産駒]
2021101436,エコロヴァルツ,2024/12/15,5中山6,晴,11,ディセンバーS(L),16,1,2,2.6,1,1,05626,マーカン,56,芝1800,良,1:45.2,-0.2,3-3-3-3,35.8-34.9,34.0,488(0),牡5歳,ブラックタイド2001 黒鹿毛[血統][産駒]Halo系,Halo1969 黒鹿毛[血統][産駒]
2021101436,エコロヴァルツ,2024/10/20,5京都6,晴,11,菊花賞(GI),18,7,15,68.3,12,9,05203,岩田康誠,57,芝3000,良,3:06.3,2.2,6-6-11-13,37.0-35.9,37.2,488(+4),牡5歳,ブラックタイド2001 黒鹿毛[血統][産駒]Halo系,Halo1969 黒鹿毛[血統][産駒]
2021101436,エコロヴァルツ,2024/09/16,4中山5,曇,11,朝日セントライト記念(GII),14,4,6,6.8,3,3,05203,岩田康誠,57,芝2200,良,2:12.3,0.7,1-2-2-2,36.2-34.6,35.0,484(-2),牡5歳,ブラックタイド2001 黒鹿毛[血統][産駒]Halo系,Halo1969 黒鹿毛[血統][産駒]
2021101436,エコロヴァルツ,2024/05/26,2東京12,晴,11,東京優駿(GI),17,8,18,160.0,17,8,05203,岩田康誠,57,芝2400,良,2:25.2,0.9,1-1-1-2,36.3-33.8,34.7,486(0),牡5歳,ブラックタイド2001 黒鹿毛[血統][産駒]Halo系,Halo1969 黒鹿毛[血統][産駒]
2021101436,エコロヴァルツ,2024/04/14,3中山8,晴,11,皐月賞(GI),17,2,3,40.5,11,7,00666,武豊,57,芝2000,良,1:57.8,0.7,16-16-17-16,34.2-35.8,33.9,486(-10),牡5歳,ブラックタイド2001 黒鹿毛[血統][産駒]Halo系,Halo1969 黒鹿毛[血統][産駒]
2021101436,エコロヴァルツ,2024/02/11,1東京6,曇,11,共同通信杯(GIII),10,6,6,5.3,3,5,00666,武豊,57,芝1800,良,1:48.7,0.7,2-3-4,37.3-33.1,33.1,496(+4),牡5歳,ブラックタイド2001 黒鹿毛[血統][産駒]Halo系,Halo1969 黒鹿毛[血統][産駒]
2021101436,エコロヴァルツ,2023/12/17,5阪神6,晴,11,朝日フューチュリティ(GI),17,1,1,10.0,4,2,00666,武豊,56,芝1600,良,1:33.9,0.1,15-17,34.1-35.4,34.1,492(+14),牡5歳,ブラックタイド2001 黒鹿毛[血統][産駒]Halo系,Halo1969 黒鹿毛[血統][産駒]
2021101436,エコロヴァルツ,2023/08/13,2札幌2,曇,8,コスモス賞(OP),8,1,1,2.2,1,1,00666,武豊,55,芝1800,良,1:48.8,-1.0,2-2-1-1,37.0-35.6,35.6,478(-4),牡5歳,ブラックタイド2001 黒鹿毛[血統][産駒]Halo系,Halo1969 黒鹿毛[血統][産駒]
2021101436,エコロヴァルツ,2023/07/08,2福島3,曇,5,2歳新馬,12,7,9,7.9,2,1,05212,Ｍ．デム,55,芝1800,良,1:51.3,-0.3,3-3-3-3,37.3-35.6,35.3,482(0),牡5歳,ブラックタイド2001 黒鹿毛[血統][産駒]Halo系,Halo1969 黒鹿毛[血統][産駒]
2021106787,コスモキュランダ,2026/03/28,3中山1,晴,11,日経賞(GII),15,4,7,2.8,1,7,01170,横山武史,57,芝2500,良,2:31.7,1.0,4-3-3-3,29.4-36.0,36.7,520(-2),牡5歳,アルアイン2014 鹿毛[血統][産駒]Halo系,サンデーサイレンスSunday Silence(米)1986 青鹿毛[血統][産駒]
2021106787,コスモキュランダ,2025/12/28,5中山8,晴,11,有馬記念(GI),16,5,10,111.5,12,2,01170,横山武史,58,芝2500,良,2:31.6,0.1,2-3-2-2,29.7-35.6,35.5,522(0),牡5歳,アルアイン2014 鹿毛[血統][産駒]Halo系,サンデーサイレンスSunday Silence(米)1986 青鹿毛[血統][産駒]
2021106787,コスモキュランダ,2025/11/30,5東京8,晴,12,ジャパンC(GI),17,2,3,349.3,16,9,01091,丹内祐次,58,芝2400,良,2:21.9,1.6,6-6-4-3,34.5-34.6,35.6,522(+2),牡5歳,アルアイン2014 鹿毛[血統][産駒]Halo系,サンデーサイレンスSunday Silence(米)1986 青鹿毛[血統][産駒]
2021106787,コスモキュランダ,2025/11/02,4東京11,曇,11,天皇賞(秋)(GI),14,1,1,117.0,14,12,01092,津村明秀,58,芝2000,良,1:59.2,0.6,2-3-3,37.1-32.9,33.3,520(+18),牡5歳,アルアイン2014 鹿毛[血統][産駒]Halo系,サンデーサイレンスSunday Silence(米)1986 青鹿毛[血統][産駒]
2021106787,コスモキュランダ,2025/09/21,4中山7,曇,11,産経賞オールカマー(GII),11,1,1,8.1,5,8,01091,丹内祐次,57,芝2200,良,2:11.0,0.8,5-5-2-2,35.1-34.5,35.2,502(+4),牡5歳,アルアイン2014 鹿毛[血統][産駒]Halo系,サンデーサイレンスSunday Silence(米)1986 青鹿毛[血統][産駒]
2021106787,コスモキュランダ,2025/08/17,1札幌8,曇,11,札幌記念(GII),16,2,4,10.7,6,10,01091,丹内祐次,58,芝2000,,2:02.6,1.1,12-13-13-13,36.1-36.9,36.1,498(-6),牡5歳,アルアイン2014 鹿毛[血統][産駒]Halo系,サンデーサイレンスSunday Silence(米)1986 青鹿毛[血統][産駒]
2021106787,コスモキュランダ,2025/04/06,2阪神4,晴,11,大阪杯(GI),15,5,9,20.1,9,8,01091,丹内祐次,58,芝2000,良,1:56.8,0.6,5-6-5-5,34.9-35.1,34.6,504(-6),牡5歳,アルアイン2014 鹿毛[血統][産駒]Halo系,サンデーサイレンスSunday Silence(米)1986 青鹿毛[血統][産駒]
2021106787,コスモキュランダ,2025/01/26,1中山9,晴,11,アメリカジョッキーC(GII),18,7,13,7.4,3,3,01170,横山武史,57,芝2200,良,2:12.2,0.1,14-13-3-2,36.5-36.6,36.4,510(+6),牡5歳,アルアイン2014 鹿毛[血統][産駒]Halo系,サンデーサイレンスSunday Silence(米)1986 青鹿毛[血統][産駒]
2021106787,コスモキュランダ,2024/12/07,4中京3,曇,11,中日新聞杯(GIII),18,5,9,4.5,2,6,01170,横山武史,58,芝2000,良,1:59.1,0.7,14-13-5-5,35.3-35.6,35.6,504(-8),牡5歳,アルアイン2014 鹿毛[血統][産駒]Halo系,サンデーサイレンスSunday Silence(米)1986 青鹿毛[血統][産駒]
2021106787,コスモキュランダ,2024/10/20,5京都6,晴,11,菊花賞(GI),18,5,9,6.0,3,14,05212,Ｍ．デム,57,芝3000,良,3:08.4,4.3,16-16-11-6,37.0-35.9,39.4,512(+8),牡5歳,アルアイン2014 鹿毛[血統][産駒]Halo系,サンデーサイレンスSunday Silence(米)1986 青鹿毛[血統][産駒]
2021106787,コスモキュランダ,2024/09/16,4中山5,曇,11,朝日セントライト記念(GII),14,5,8,2.9,1,2,05212,Ｍ．デム,57,芝2200,良,2:11.9,0.3,9-10-7-3,36.2-34.6,34.2,504(+2),牡5歳,アルアイン2014 鹿毛[血統][産駒]Halo系,サンデーサイレンスSunday Silence(米)1986 青鹿毛[血統][産駒]
2021106787,コスモキュランダ,2024/05/26,2東京12,晴,11,東京優駿(GI),17,3,6,14.3,6,6,05212,Ｍ．デム,57,芝2400,良,2:25.1,0.8,16-13-5-4,36.3-33.8,34.3,502(+2),牡5歳,アルアイン2014 鹿毛[血統][産駒]Halo系,サンデーサイレンスSunday Silence(米)1986 青鹿毛[血統][産駒]
2021106787,コスモキュランダ,2024/04/14,3中山8,晴,11,皐月賞(GI),17,6,12,15.8,7,2,05509,モレイラ,57,芝2000,良,1:57.1,0.0,9-8-9-8,34.2-35.8,34.2,500(-4),牡5歳,アルアイン2014 鹿毛[血統][産駒]Halo系,サンデーサイレンスSunday Silence(米)1986 青鹿毛[血統][産駒]
2021106787,コスモキュランダ,2024/03/03,2中山4,晴,11,報知弥生ディープ記念(GII),11,6,7,34.9,6,1,05212,Ｍ．デム,57,芝2000,良,1:59.8,-0.2,9-7-2-2,35.2-35.1,34.9,504(+6),牡5歳,アルアイン2014 鹿毛[血統][産駒]Halo系,サンデーサイレンスSunday Silence(米)1986 青鹿毛[血統][産駒]
2021106787,コスモキュランダ,2024/01/08,1中山3,晴,6,3歳1勝クラス,11,4,4,6.8,5,2,01091,丹内祐次,57,芝2000,良,1:59.9,0.1,10-10-10-9,35.9-35.7,34.9,498(-4),牡5歳,アルアイン2014 鹿毛[血統][産駒]Halo系,サンデーサイレンスSunday Silence(米)1986 青鹿毛[血統][産駒]
2021106787,コスモキュランダ,2023/11/25,3京都7,晴,11,ラジオN杯京都2歳S(GIII),14,7,11,194.3,14,8,01199,角田大河,56,芝2000,良,2:00.4,0.6,13-12-7-10,35.0-35.9,35.9,502(+8),牡5歳,アルアイン2014 鹿毛[血統][産駒]Halo系,サンデーサイレンスSunday Silence(米)1986 青鹿毛[血統][産駒]
2021106787,コスモキュランダ,2023/10/29,4新潟6,小雨,1,2歳未勝利,15,7,12,3.1,1,1,01091,丹内祐次,56,芝2000,重,2:03.8,-0.4,2-2-2-2,37.2-36.4,36.2,494(+2),牡5歳,アルアイン2014 鹿毛[血統][産駒]Halo系,サンデーサイレンスSunday Silence(米)1986 青鹿毛[血統][産駒]
2021106787,コスモキュランダ,2023/09/30,4中山8,曇,4,2歳未勝利,14,5,7,17.5,6,2,01091,丹内祐次,55,芝2000,良,2:03.5,0.1,3-2-2-2,37.3-35.3,35.2,492(-6),牡5歳,アルアイン2014 鹿毛[血統][産駒]Halo系,サンデーサイレンスSunday Silence(米)1986 青鹿毛[血統][産駒]
2021106787,コスモキュランダ,2023/09/10,4中山2,晴,2,2歳未勝利,10,7,8,60.1,8,4,01091,丹内祐次,55,芝2000,良,2:01.5,0.9,1-1-1-1,36.4-35.1,83.0,498(+12),牡5歳,アルアイン2014 鹿毛[血統][産駒]Halo系,サンデーサイレンスSunday Silence(米)1986 青鹿毛[血統][産駒]
2021106787,コスモキュランダ,2023/06/10,3東京3,曇,5,2歳新馬,12,3,3,19.6,5,12,05386,戸崎圭太,55,芝1600,良,1:39.4,4.6,12-12,35.9-34.7,36.4,486(0),牡5歳,アルアイン2014 鹿毛[血統][産駒]Halo系,サンデーサイレンスSunday Silence(米)1986 青鹿毛[血統][産駒]
